Index,EState,Division,CropType,Field,Area (Ha),NumberOfTree,Type
1,EST,HO,T,6A,0.8,9302,R
2,EST,HO,T,3A,3.3,48100,R
3,EST,HO,T,19,5.8,30015,R
4,EST,HO,T,4B,2.5,14308,R
5,EST,HO,T,FW1,0.3,4500,C
6,EST,HO,T,FW4,0.5,5855,C
7,EST,HO,T,GPM9,5.0,31505,C
8,EST,HO,T,4C,2.0,26000,R
9,EST,HO,T,4CVP,2.0,26000,R
10,EST,HO,T,7B,1.0,12000,R
11,EST,HO,T,6A,0.8,9302,R
12,EST,HO,T,3A,3.3,48100,R
13,EST,HO,T,19,5.8,30015,R
14,EST,HO,T,4B,2.5,14308,R
15,EST,HO,T,FW1,0.3,4500,C
16,EST,HO,T,FW4,0.5,5855,C
17,EST,HO,T,GPM9,5.0,31505,C
18,EST,HO,T,4C,2.0,26000,R
19,EST,HO,T,4CVP,2.0,26000,R
20,EST,HO,T,7B,1.0,12000,R
21,EST,HO,T,6A,0.8,9302,R
22,EST,HO,T,3A,3.3,48100,R
23,EST,HO,T,19,5.8,30015,R
24,EST,HO,T,4B,2.5,14308,R
25,EST,HO,T,FW1,0.3,4500,C
26,EST,HO,T,FW4,0.5,5855,C
27,EST,HO,T,GPM9,5.0,31505,C
28,EST,HO,T,4C,2.0,26000,R
29,EST,HO,T,4CVP,2.0,26000,R
30,EST,HO,T,7B,1.0,12000,R
31,EST,HO,T,6A,0.8,9302,R
32,EST,HO,T,3A,3.3,48100,R
33,EST,HO,T,19,5.8,30015,R
34,EST,HO,T,4B,2.5,14308,R
35,EST,HO,T,FW1,0.3,4500,C
36,EST,HO,T,FW4,0.5,5855,C
37,EST,HO,T,GPM9,5.0,31505,C
38,EST,HO,T,4C,2.0,26000,R
39,EST,HO,T,4CVP,2.0,26000,R
40,EST,HO,T,7B,1.0,12000,R
41,EST,HO,T,6A,0.8,9302,R
42,EST,HO,T,3A,3.3,48100,R
43,EST,HO,T,19,5.8,30015,R
44,EST,HO,T,4B,2.5,14308,R
45,EST,HO,T,FW1,0.3,4500,C
46,EST,HO,T,FW4,0.5,5855,C
47,EST,HO,T,GPM9,5.0,31505,C
48,EST,HO,T,4C,2.0,26000,R
49,EST,HO,T,4CVP,2.0,26000,R
50,EST,HO,T,7B,1.0,12000,R
51,EST,HO,T,6A,0.8,9302,R
52,EST,HO,T,3A,3.3,48100,R
53,EST,HO,T,19,5.8,30015,R
54,EST,HO,T,4B,2.5,14308,R
55,EST,HO,T,FW1,0.3,4500,C
56,EST,HO,T,FW4,0.5,5855,C
57,EST,HO,T,GPM9,5.0,31505,C
58,EST,HO,T,4C,2.0,26000,R
59,EST,HO,T,4CVP,2.0,26000,R
60,EST,HO,T,7B,1.0,12000,R
61,EST,HO,T,6A,0.8,9302,R
62,EST,HO,T,3A,3.3,48100,R
63,EST,HO,T,19,5.8,30015,R
64,EST,HO,T,4B,2.5,14308,R
65,EST,HO,T,FW1,0.3,4500,C
66,EST,HO,T,FW4,0.5,5855,C
67,EST,HO,T,GPM9,5.0,31505,C
68,EST,HO,T,4C,2.0,26000,R
69,EST,HO,T,4CVP,2.0,26000,R
70,EST,HO,T,7B,1.0,12000,R
71,EST,HO,T,6A,0.8,9302,R
72,EST,HO,T,3A,3.3,48100,R
73,EST,HO,T,19,5.8,30015,R
74,EST,HO,T,4B,2.5,14308,R
75,EST,HO,T,FW1,0.3,4500,C
76,EST,HO,T,FW4,0.5,5855,C
77,EST,HO,T,GPM9,5.0,31505,C
78,EST,HO,T,4C,2.0,26000,R
79,EST,HO,T,4CVP,2.0,26000,R
80,EST,HO,T,7B,1.0,12000,R
81,EST,HO,T,6A,0.8,9302,R
82,EST,HO,T,3A,3.3,48100,R
83,EST,HO,T,19,5.8,30015,R
84,EST,HO,T,4B,2.5,14308,R
85,EST,HO,T,FW1,0.3,4500,C
86,EST,HO,T,FW4,0.5,5855,C
87,EST,HO,T,GPM9,5.0,31505,C
88,EST,HO,T,4C,2.0,26000,R
89,EST,HO,T,4CVP,2.0,26000,R
90,EST,HO,T,7B,1.0,12000,R
91,EST,HO,T,6A,0.8,9302,R
92,EST,HO,T,3A,3.3,48100,R
93,EST,HO,T,19,5.8,30015,R
94,EST,HO,T,4B,2.5,14308,R
95,EST,HO,T,FW1,0.3,4500,C
96,EST,HO,T,FW4,0.5,5855,C
97,EST,HO,T,GPM9,5.0,31505,C
98,EST,HO,T,4C,2.0,26000,R
99,EST,HO,T,4CVP,2.0,26000,R
100,EST,HO,T,7B,1.0,12000,R
101,EST,HO,T,6A,0.8,9302,R
102,EST,HO,T,3A,3.3,48100,R
103,EST,HO,T,19,5.8,30015,R
104,EST,HO,T,4B,2.5,14308,R
105,EST,HO,T,FW1,0.3,4500,C
106,EST,HO,T,FW4,0.5,5855,C
107,EST,HO,T,GPM9,5.0,31505,C
108,EST,HO,T,4C,2.0,26000,R
109,EST,HO,T,4CVP,2.0,26000,R
110,EST,HO,T,7B,1.0,12000,R
111,EST,HO,T,6A,0.8,9302,R
112,EST,HO,T,3A,3.3,48100,R
113,EST,HO,T,19,5.8,30015,R
114,EST,HO,T,4B,2.5,14308,R
115,EST,HO,T,FW1,0.3,4500,C
116,EST,HO,T,FW4,0.5,5855,C
117,EST,HO,T,GPM9,5.0,31505,C
118,EST,HO,T,4C,2.0,26000,R
119,EST,HO,T,4CVP,2.0,26000,R
120,EST,HO,T,7B,1.0,12000,R
121,EST,HO,T,6A,0.8,9302,R
122,EST,HO,T,3A,3.3,48100,R
123,EST,HO,T,19,5.8,30015,R
124,EST,HO,T,4B,2.5,14308,R
125,EST,HO,T,FW1,0.3,4500,C
126,EST,HO,T,FW4,0.5,5855,C
127,EST,HO,T,GPM9,5.0,31505,C
128,EST,HO,T,6A,0.8,9302,R
129,EST,HO,T,3A,3.3,48100,R
130,EST,HO,T,19,5.8,30015,R
131,EST,HO,T,4B,2.5,14308,R
132,EST,HO,T,FW1,0.3,4500,C
133,EST,HO,T,FW4,0.5,5855,C
134,EST,HO,T,GPM9,5.0,31505,C
135,EST,HO,T,4C,2.0,26000,R
136,EST,HO,T,4CVP,2.0,26000,R
137,EST,HO,T,7B,1.0,12000,R
138,EST,HO,T,4C,2.0,26000,R
139,EST,HO,T,4CVP,2.0,26000,R
140,EST,HO,T,7B,1.0,12000,R
141,EST,HO,T,6A,0.8,9302,R
142,EST,HO,T,3A,3.3,48100,R
143,EST,HO,T,19,5.8,30015,R
144,EST,HO,T,4B,2.5,14308,R
145,EST,HO,T,FW1,0.3,4500,C
146,EST,HO,T,6A,0.8,9302,R
147,EST,HO,T,3A,3.3,48100,R
148,EST,HO,T,19,5.8,30015,R
149,EST,HO,T,4B,2.5,14308,R
150,EST,HO,T,FW1,0.3,4500,C
151,EST,HO,T,FW4,0.5,5855,C
152,EST,HO,T,GPM9,5.0,31505,C
153,EST,HO,T,4C,2.0,26000,R
154,EST,HO,T,4CVP,2.0,26000,R
155,EST,HO,T,7B,1.0,12000,R
156,EST,HO,T,4B,2.5,14308,R
157,EST,HO,T,FW1,0.3,4500,C
158,EST,HO,T,FW4,0.5,5855,C
159,EST,HO,T,GPM9,5.0,31505,C
160,EST,HO,T,4C,2.0,26000,R
161,EST,HO,T,4CVP,2.0,26000,R
162,EST,HO,T,7B,1.0,12000,R
163,EST,HO,T,6A,0.8,9302,R
164,EST,HO,T,3A,3.3,48100,R
165,EST,HO,T,19,5.8,30015,R
166,EST,HO,T,4B,2.5,14308,R
167,EST,HO,T,FW1,0.3,4500,C
168,EST,HO,T,6A,0.8,9302,R
169,EST,HO,T,3A,3.3,48100,R
170,EST,HO,T,19,5.8,30015,R
171,EST,HO,T,4B,2.5,14308,R
172,EST,HO,T,FW1,0.3,4500,C
173,EST,HO,T,FW4,0.5,5855,C
174,EST,HO,T,GPM9,5.0,31505,C
175,EST,HO,T,6A,0.8,9302,R
176,EST,HO,T,3A,3.3,48100,R
177,EST,HO,T,19,5.8,30015,R
178,EST,HO,T,4B,2.5,14308,R
179,EST,HO,T,FW1,0.3,4500,C
180,EST,HO,T,6A,0.8,9302,R
181,EST,HO,T,3A,3.3,48100,R
182,EST,HO,T,19,5.8,30015,R
183,EST,HO,T,4B,2.5,14308,R
184,EST,HO,T,FW1,0.3,4500,C
185,EST,HO,T,FW4,0.5,5855,C
186,EST,HO,T,GPM9,5.0,31505,C
187,EST,HO,T,4C,2.0,26000,R
188,EST,HO,T,4CVP,2.0,26000,R
189,EST,HO,T,7B,1.0,12000,R
190,EST,HO,T,4B,2.5,14308,R
191,EST,HO,T,FW1,0.3,4500,C
192,EST,HO,T,FW4,0.5,5855,C
193,EST,HO,T,6A,0.8,9302,R
194,EST,HO,T,3A,3.3,48100,R
195,EST,HO,T,19,5.8,30015,R
196,EST,HO,T,4B,2.5,14308,R
197,EST,HO,T,FW1,0.3,4500,C
198,EST,HO,T,FW4,0.5,5855,C
199,EST,HO,T,GPM9,5.0,31505,C
200,EST,HO,T,6A,0.8,9302,R
201,EST,HO,T,3A,3.3,48100,R
202,EST,HO,T,19,5.8,30015,R
203,EST,HO,T,4B,2.5,14308,R
204,EST,HO,T,FW1,0.3,4500,C
205,EST,HO,T,FW4,0.5,5855,C
206,EST,HO,T,GPM9,5.0,31505,C
207,EST,HO,T,4C,2.0,26000,R
208,EST,HO,T,6A,0.8,9302,R
209,EST,HO,T,3A,3.3,48100,R
210,EST,HO,T,19,5.8,30015,R
211,EST,HO,T,4B,2.5,14308,R
212,EST,HO,T,FW1,0.3,4500,C
213,EST,HO,T,FW4,0.5,5855,C
214,EST,HO,T,GPM9,5.0,31505,C
215,EST,HO,T,4C,2.0,26000,R
216,EST,HO,T,6A,0.8,9302,R
217,EST,HO,T,3A,3.3,48100,R
218,EST,HO,T,19,5.8,30015,R
219,EST,HO,T,4B,2.5,14308,R
220,EST,HO,T,FW1,0.3,4500,C
221,EST,HO,T,6A,0.8,9302,R
222,EST,HO,T,3A,3.3,48100,R
223,EST,HO,T,19,5.8,30015,R
224,EST,HO,T,4B,2.5,14308,R
225,EST,HO,T,FW1,0.3,4500,C
226,EST,HO,T,FW4,0.5,5855,C
227,EST,HO,T,6A,0.8,9302,R
228,EST,HO,T,3A,3.3,48100,R
229,EST,HO,T,19,5.8,30015,R
230,EST,HO,T,4B,2.5,14308,R
231,EST,HO,T,FW1,0.3,4500,C
232,EST,HO,T,FW4,0.5,5855,C
233,EST,HO,T,6A,0.8,9302,R
234,EST,HO,T,3A,3.3,48100,R
235,EST,HO,T,19,5.8,30015,R
236,EST,HO,T,4B,2.5,14308,R
237,EST,HO,T,FW1,0.3,4500,C
238,EST,HO,T,6A,0.8,9302,R
239,EST,HO,T,3A,3.3,48100,R
240,EST,HO,T,19,5.8,30015,R
241,EST,HO,T,4B,2.5,14308,R
242,EST,HO,T,FW1,0.3,4500,C
243,EST,HO,T,FW4,0.5,5855,C
244,EST,HO,T,6A,0.8,9302,R
245,EST,HO,T,3A,3.3,48100,R
246,EST,HO,T,19,5.8,30015,R
247,EST,HO,T,4B,2.5,14308,R
248,EST,HO,T,FW1,0.3,4500,C
249,EST,HO,T,FW4,0.5,5855,C
250,EST,HO,T,GPM9,5.0,31505,C
251,EST,HO,T,4C,2.0,26000,R
252,EST,HO,T,6A,0.8,9302,R
253,EST,HO,T,3A,3.3,48100,R
254,EST,HO,T,19,5.8,30015,R
255,EST,HO,T,4B,2.5,14308,R
256,EST,HO,T,FW1,0.3,4500,R
257,EST,HO,T,6A,0.8,9302,R
258,EST,HO,T,3A,3.3,48100,C
259,EST,HO,T,19,5.8,30015,R
260,EST,HO,T,4B,2.5,14308,R
261,EST,HO,T,FW1,0.3,4500,R
262,EST,HO,T,FW4,0.5,5855,R
263,EST,HO,T,6A,0.8,9302,C
264,EST,HO,T,4B,2.5,14308,C
265,EST,HO,T,FW1,0.3,4500,R
266,EST,HO,T,FW4,0.5,5855,C
267,EST,HO,T,6A,0.8,9302,R
268,EST,HO,T,3A,3.3,48100,R
269,EST,HO,T,19,5.8,30015,R
270,EST,HO,T,4B,2.5,14308,R
271,EST,HO,T,GPM9,5.0,31505,C
272,EST,HO,T,6A,0.8,9302,R
273,EST,HO,T,3A,3.3,48100,R
274,EST,HO,T,19,5.8,30015,R
275,EST,HO,T,4B,2.5,14308,R
276,EST,HO,T,FW1,0.3,4500,C
277,EST,HO,T,FW4,0.5,5855,C
278,EST,HO,T,GPM9,5.0,31505,C
279,EST,HO,T,4C,2.0,26000,R
280,EST,HO,T,6A,0.8,9302,R
281,EST,HO,T,3A,3.3,48100,R
282,EST,HO,T,19,5.8,30015,R
283,EST,HO,T,4B,2.5,14308,R
284,EST,HO,T,FW1,0.3,4500,C
285,EST,HO,T,FW4,0.5,5855,C
286,EST,HO,T,GPM9,5.0,31505,C
287,EST,HO,T,4C,2.0,26000,R
288,EST,HO,T,6A,0.8,9302,R
289,EST,HO,T,3A,3.3,48100,R
290,EST,HO,T,19,5.8,30015,R
291,EST,HO,T,4B,2.5,14308,R
292,EST,HO,T,FW1,0.3,4500,C
293,EST,HO,T,6A,0.8,9302,R
294,EST,HO,T,3A,3.3,48100,R
295,EST,HO,T,19,5.8,30015,R
296,EST,HO,T,4B,2.5,14308,R
297,EST,HO,T,FW1,0.3,4500,C
298,EST,HO,T,FW4,0.5,5855,C
299,EST,HO,T,6A,0.8,9302,R
300,EST,HO,T,3A,3.3,48100,R
301,EST,HO,T,19,5.8,30015,R
302,EST,HO,T,4B,2.5,14308,R
303,EST,HO,T,FW1,0.3,4500,C
304,EST,HO,T,FW4,0.5,5855,C
305,EST,HO,T,6A,0.8,9302,R
306,EST,HO,T,3A,3.3,48100,R
307,EST,HO,T,19,5.8,30015,R
308,EST,HO,T,4B,2.5,14308,R
309,EST,HO,T,FW1,0.3,4500,C
310,EST,HO,T,6A,0.8,9302,R
311,EST,HO,T,3A,3.3,48100,R
312,EST,HO,T,19,5.8,30015,R
313,EST,HO,T,4B,2.5,14308,R
314,EST,HO,T,FW1,0.3,4500,C
315,EST,HO,T,FW4,0.5,5855,C
316,EST,HO,T,6A,0.8,9302,R
317,EST,HO,T,3A,3.3,48100,R
318,EST,HO,T,19,5.8,30015,R
319,EST,HO,T,4B,2.5,14308,R
320,EST,HO,T,FW1,0.3,4500,C
321,EST,HO,T,FW4,0.5,5855,C
322,EST,HO,T,GPM9,5.0,31505,C
323,EST,HO,T,4C,2.0,26000,R
324,EST,HO,T,6A,0.8,9302,R
325,EST,HO,T,3A,3.3,48100,R
326,EST,HO,T,19,5.8,30015,R
327,EST,HO,T,4B,2.5,14308,R
328,EST,HO,T,FW1,0.3,4500,R
329,EST,HO,T,6A,0.8,9302,R
330,EST,HO,T,3A,3.3,48100,C
331,EST,HO,T,GPM9,5.0,31505,C
332,EST,HO,T,6A,0.8,9302,R
333,EST,HO,T,3A,3.3,48100,R
334,EST,HO,T,19,5.8,30015,R
335,EST,HO,T,4B,2.5,14308,R
336,EST,HO,T,FW1,0.3,4500,C
337,EST,HO,T,FW4,0.5,5855,C
338,EST,HO,T,GPM9,5.0,31505,C
339,EST,HO,T,4C,2.0,26000,R
340,EST,HO,T,6A,0.8,9302,R
341,EST,HO,T,3A,3.3,48100,R
342,EST,HO,T,19,5.8,30015,R
343,EST,HO,T,4B,2.5,14308,R
344,EST,HO,T,FW1,0.3,4500,C
345,EST,HO,T,FW4,0.5,5855,C
346,EST,HO,T,GPM9,5.0,31505,C
347,EST,HO,T,4C,2.0,26000,R
348,EST,HO,T,6A,0.8,9302,R
349,EST,HO,T,3A,3.3,48100,R
350,EST,HO,T,19,5.8,30015,R
351,EST,HO,T,4B,2.5,14308,R
352,EST,HO,T,FW1,0.3,4500,C
353,EST,HO,T,6A,0.8,9302,R
354,EST,HO,T,3A,3.3,48100,R
355,EST,HO,T,19,5.8,30015,R
356,EST,HO,T,4B,2.5,14308,R
357,EST,HO,T,FW1,0.3,4500,C
358,EST,HO,T,FW4,0.5,5855,C
359,EST,HO,T,6A,0.8,9302,R
360,EST,HO,T,3A,3.3,48100,R
361,EST,HO,T,19,5.8,30015,R
362,EST,HO,T,4B,2.5,14308,R
363,EST,HO,T,FW1,0.3,4500,C
364,EST,HO,T,FW4,0.5,5855,C
365,EST,HO,T,6A,0.8,9302,R
366,EST,HO,T,3A,3.3,48100,R
367,EST,HO,T,19,5.8,30015,R
368,EST,HO,T,4B,2.5,14308,R
369,EST,HO,T,FW1,0.3,4500,C
370,EST,HO,T,6A,0.8,9302,R
371,EST,HO,T,3A,3.3,48100,R
372,EST,HO,T,19,5.8,30015,R
373,EST,HO,T,4B,2.5,14308,R
374,EST,HO,T,FW1,0.3,4500,C
375,EST,HO,T,FW4,0.5,5855,C
376,EST,HO,T,6A,0.8,9302,R
377,EST,HO,T,3A,3.3,48100,R
378,EST,HO,T,19,5.8,30015,R
379,EST,HO,T,4B,2.5,14308,R
380,EST,HO,T,FW1,0.3,4500,C
381,EST,HO,T,FW4,0.5,5855,C
382,EST,HO,T,GPM9,5.0,31505,C
383,EST,HO,T,4C,2.0,26000,R
384,EST,HO,T,6A,0.8,9302,R
385,EST,HO,T,3A,3.3,48100,R
386,EST,HO,T,19,5.8,30015,R
387,EST,HO,T,4B,2.5,14308,R
388,EST,HO,T,FW1,0.3,4500,R
389,EST,HO,T,6A,0.8,9302,R
390,EST,HO,T,3A,3.3,48100,C
391,EST,HO,T,19,5.8,30015,R
392,EST,HO,T,4B,2.5,14308,R
393,EST,HO,T,FW1,0.3,4500,R
394,EST,HO,T,FW4,0.5,5855,R
395,EST,HO,T,6A,0.8,9302,C
396,EST,HO,T,4B,2.5,14308,C
397,EST,HO,T,GPM9,5.0,31505,C
398,EST,HO,T,6A,0.8,9302,R
399,EST,HO,T,3A,3.3,48100,R
400,EST,HO,T,19,5.8,30015,R
401,EST,HO,T,4B,2.5,14308,R
402,EST,HO,T,FW1,0.3,4500,C
403,EST,HO,T,FW4,0.5,5855,C
404,EST,HO,T,GPM9,5.0,31505,C
405,EST,HO,T,4C,2.0,26000,R
406,EST,HO,T,6A,0.8,9302,R
407,EST,HO,T,3A,3.3,48100,R
408,EST,HO,T,19,5.8,30015,R
409,EST,HO,T,4B,2.5,14308,R
410,EST,HO,T,FW1,0.3,4500,C
411,EST,HO,T,FW4,0.5,5855,C
412,EST,HO,T,GPM9,5.0,31505,C
413,EST,HO,T,4C,2.0,26000,R
414,EST,HO,T,6A,0.8,9302,R
415,EST,HO,T,3A,3.3,48100,R
416,EST,HO,T,19,5.8,30015,R
417,EST,HO,T,4B,2.5,14308,R
418,EST,HO,T,FW1,0.3,4500,C
419,EST,HO,T,6A,0.8,9302,R
420,EST,HO,T,3A,3.3,48100,R
421,EST,HO,T,19,5.8,30015,R
422,EST,HO,T,4B,2.5,14308,R
423,EST,HO,T,FW1,0.3,4500,C
424,EST,HO,T,FW4,0.5,5855,C
425,EST,HO,T,6A,0.8,9302,R
426,EST,HO,T,3A,3.3,48100,R
427,EST,HO,T,19,5.8,30015,R
428,EST,HO,T,4B,2.5,14308,R
429,EST,HO,T,FW1,0.3,4500,C
430,EST,HO,T,FW4,0.5,5855,C
431,EST,HO,T,6A,0.8,9302,R
432,EST,HO,T,3A,3.3,48100,R
433,EST,HO,T,19,5.8,30015,R
434,EST,HO,T,4B,2.5,14308,R
435,EST,HO,T,FW1,0.3,4500,C
436,EST,HO,T,6A,0.8,9302,R
437,EST,HO,T,3A,3.3,48100,R
438,EST,HO,T,19,5.8,30015,R
439,EST,HO,T,4B,2.5,14308,R
440,EST,HO,T,FW1,0.3,4500,C
441,EST,HO,T,FW4,0.5,5855,C
442,EST,HO,T,6A,0.8,9302,R
443,EST,HO,T,3A,3.3,48100,R
444,EST,HO,T,19,5.8,30015,R
445,EST,HO,T,4B,2.5,14308,R
446,EST,HO,T,FW1,0.3,4500,C
447,EST,HO,T,FW4,0.5,5855,C
448,EST,HO,T,GPM9,5.0,31505,C
449,EST,HO,T,4C,2.0,26000,R
450,EST,HO,T,6A,0.8,9302,R
451,EST,HO,T,3A,3.3,48100,R
452,EST,HO,T,19,5.8,30015,R
453,EST,HO,T,4B,2.5,14308,R
454,EST,HO,T,FW1,0.3,4500,R
455,EST,HO,T,6A,0.8,9302,R
456,EST,HO,T,3A,3.3,48100,C
457,EST,HO,T,19,5.8,30015,R
458,EST,HO,T,4B,2.5,14308,R
459,EST,HO,T,FW1,0.3,4500,R
460,EST,HO,T,FW4,0.5,5855,R
461,EST,HO,T,6A,0.8,9302,C
462,EST,HO,T,4B,2.5,14308,C
463,EST,HO,T,FW1,0.3,4500,R
464,EST,HO,T,FW4,0.5,5855,C
465,EST,HO,T,6A,0.8,9302,R
466,EST,HO,T,3A,3.3,48100,R
467,EST,HO,T,19,5.8,30015,R
468,EST,HO,T,4B,2.5,14308,R
469,EST,HO,T,GPM9,5.0,31505,C
470,EST,HO,T,6A,0.8,9302,R
471,EST,HO,T,3A,3.3,48100,R
472,EST,HO,T,19,5.8,30015,R
473,EST,HO,T,4B,2.5,14308,R
474,EST,HO,T,FW1,0.3,4500,C
475,EST,HO,T,FW4,0.5,5855,C
476,EST,HO,T,GPM9,5.0,31505,C
477,EST,HO,T,4C,2.0,26000,R
478,EST,HO,T,6A,0.8,9302,R
479,EST,HO,T,3A,3.3,48100,R
480,EST,HO,T,19,5.8,30015,R
481,EST,HO,T,4B,2.5,14308,R
482,EST,HO,T,FW1,0.3,4500,C
483,EST,HO,T,FW4,0.5,5855,C
484,EST,HO,T,GPM9,5.0,31505,C
485,EST,HO,T,4C,2.0,26000,R
486,EST,HO,T,6A,0.8,9302,R
487,EST,HO,T,3A,3.3,48100,R
488,EST,LD,T,9A,0.3,2961,R
489,EST,LD,T,5A,0.5,5855,R
490,EST,LD,T,FW3,1.5,19425,C
491,EST,LD,T,C4DM,0.8,0,C
492,EST,LD,T,C4GM,0.5,6200,C
493,EST,LD,T,9B,6.5,50876,R
494,EST,LD,T,GBMD,0.8,9302,C
495,EST,LD,T,4K,2.0,27000,R
496,EST,LD,T,4I,2.0,26000,R
497,EST,LD,T,4M,1.0,18000,R
498,EST,LD,T,9A,0.3,2961,R
499,EST,LD,T,5A,0.5,5855,R
500,EST,LD,T,FW3,1.5,19425,C
501,EST,LD,T,C4DM,0.8,0,C
502,EST,LD,T,C4GM,0.5,6200,C
503,EST,LD,T,9B,6.5,50876,R
504,EST,LD,T,GBMD,0.8,9302,C
505,EST,LD,T,4K,2.0,27000,R
506,EST,LD,T,4I,2.0,26000,R
507,EST,LD,T,4M,1.0,18000,R
508,EST,LD,T,9A,0.3,2961,R
509,EST,LD,T,5A,0.5,5855,R
510,EST,LD,T,FW3,1.5,19425,C
511,EST,LD,T,C4DM,0.8,0,C
512,EST,LD,T,C4GM,0.5,6200,C
513,EST,LD,T,9B,6.5,50876,R
514,EST,LD,T,GBMD,0.8,9302,C
515,EST,LD,T,4K,2.0,27000,R
516,EST,LD,T,4I,2.0,26000,R
517,EST,LD,T,4M,1.0,18000,R
518,EST,LD,T,9A,0.3,2961,R
519,EST,LD,T,5A,0.5,5855,R
520,EST,LD,T,FW3,1.5,19425,C
521,EST,LD,T,C4DM,0.8,0,C
522,EST,LD,T,9A,0.3,2961,R
523,EST,LD,T,5A,0.5,5855,R
524,EST,LD,T,FW3,1.5,19425,C
525,EST,LD,T,C4DM,0.8,0,C
526,EST,LD,T,C4GM,0.5,6200,C
527,EST,LD,T,9B,6.5,50876,R
528,EST,LD,T,GBMD,0.8,9302,C
529,EST,LD,T,4K,2.0,27000,R
530,EST,LD,T,4I,2.0,26000,R
531,EST,LD,T,4M,1.0,18000,R
532,EST,LD,T,9A,0.3,2961,R
533,EST,LD,T,5A,0.5,5855,R
534,EST,LD,T,FW3,1.5,19425,C
535,EST,LD,T,C4DM,0.8,0,C
536,EST,LD,T,C4GM,0.5,6200,C
537,EST,LD,T,9B,6.5,50876,R
538,EST,LD,T,GBMD,0.8,9302,C
539,EST,LD,T,4K,2.0,27000,R
540,EST,LD,T,4I,2.0,26000,R
541,EST,LD,T,4M,1.0,18000,R
542,EST,LD,T,9A,0.3,2961,R
543,EST,LD,T,5A,0.5,5855,R
544,EST,LD,T,FW3,1.5,19425,C
545,EST,LD,T,C4DM,0.8,0,C
546,EST,LD,T,C4GM,0.5,6200,C
547,EST,LD,T,9B,6.5,50876,R
548,EST,LD,T,GBMD,0.8,9302,C
549,EST,LD,T,4K,2.0,27000,R
550,EST,LD,T,4I,2.0,26000,R
551,EST,LD,T,4M,1.0,18000,R
552,EST,LD,T,9A,0.3,2961,R
553,EST,LD,T,5A,0.5,5855,R
554,EST,LD,T,FW3,1.5,19425,C
555,EST,LD,T,C4DM,0.8,0,C
556,EST,LD,T,C4GM,0.5,6200,C
557,EST,LD,T,9B,6.5,50876,R
558,EST,LD,T,9A,0.3,2961,R
559,EST,LD,T,5A,0.5,5855,R
560,EST,LD,T,FW3,1.5,19425,C
561,EST,LD,T,C4DM,0.8,0,C
562,EST,LD,T,C4GM,0.5,6200,C
563,EST,LD,T,9B,6.5,50876,R
564,EST,LD,T,GBMD,0.8,9302,C
565,EST,LD,T,4K,2.0,27000,R
566,EST,LD,T,4I,2.0,26000,R
567,EST,LD,T,4M,1.0,18000,R
568,EST,LD,T,9A,0.3,2961,R
569,EST,LD,T,5A,0.5,5855,R
570,EST,LD,T,FW3,1.5,19425,C
571,EST,LD,T,C4DM,0.8,0,C
572,EST,LD,T,C4GM,0.5,6200,C
573,EST,LD,T,9B,6.5,50876,R
574,EST,LD,T,GBMD,0.8,9302,C
575,EST,LD,T,4K,2.0,27000,R
576,EST,LD,T,4I,2.0,26000,R
577,EST,LD,T,4M,1.0,18000,R
578,EST,LD,T,9A,0.3,2961,R
579,EST,LD,T,5A,0.5,5855,R
580,EST,LD,T,FW3,1.5,19425,C
581,EST,LD,T,C4DM,0.8,0,C
582,EST,LD,T,C4GM,0.5,6200,C
583,EST,LD,T,9B,6.5,50876,R
584,EST,LD,T,GBMD,0.8,9302,C
585,EST,LD,T,4K,2.0,27000,R
586,EST,LD,T,4I,2.0,26000,R
587,EST,LD,T,4M,1.0,18000,R
588,EST,LD,T,9A,0.3,2961,R
589,EST,LD,T,5A,0.5,5855,R
590,EST,LD,T,FW3,1.5,19425,C
591,EST,LD,T,C4DM,0.8,0,C
592,EST,LD,T,C4GM,0.5,6200,C
593,EST,LD,T,9A,0.3,2961,R
594,EST,LD,T,5A,0.5,5855,R
595,EST,LD,T,FW3,1.5,19425,C
596,EST,LD,T,C4DM,0.8,0,C
597,EST,LD,T,C4GM,0.5,6200,C
598,EST,LD,T,9B,6.5,50876,R
599,EST,LD,T,9A,0.3,2961,R
600,EST,LD,T,5A,0.5,5855,R
601,EST,LD,T,FW3,1.5,19425,C
602,EST,LD,T,C4DM,0.8,0,C
603,EST,LD,T,C4GM,0.5,6200,C
604,EST,LD,T,9B,6.5,50876,R
605,EST,LD,T,GBMD,0.8,9302,C
606,EST,LD,T,4K,2.0,27000,R
607,EST,LD,T,4I,2.0,26000,R
608,EST,LD,T,4M,1.0,18000,R
609,EST,LD,T,C4GM,0.5,6200,C
610,EST,LD,T,9B,6.5,50876,R
611,EST,LD,T,9A,0.3,2961,R
612,EST,LD,T,5A,0.5,5855,R
613,EST,LD,T,FW3,1.5,19425,C
614,EST,LD,T,C4DM,0.8,0,C
615,EST,LD,T,C4GM,0.5,6200,C
616,EST,LD,T,9B,6.5,50876,R
617,EST,LD,T,GBMD,0.8,9302,C
618,EST,LD,T,4K,2.0,27000,R
619,EST,LD,T,4I,2.0,26000,R
620,EST,LD,T,4M,1.0,18000,R
621,EST,LD,T,9B,6.5,50876,R
622,EST,LD,T,GBMD,0.8,9302,C
623,EST,LD,T,4K,2.0,27000,R
624,EST,LD,T,4I,2.0,26000,R
625,EST,LD,T,4M,1.0,18000,R
626,EST,LD,T,9A,0.3,2961,R
627,EST,LD,T,9A,0.3,2961,R
628,EST,LD,T,5A,0.5,5855,R
629,EST,LD,T,FW3,1.5,19425,C
630,EST,LD,T,C4DM,0.8,0,C
631,EST,LD,T,C4GM,0.5,6200,C
632,EST,LD,T,9B,6.5,50876,R
633,EST,LD,T,GBMD,0.8,9302,C
634,EST,LD,T,4K,2.0,27000,R
635,EST,LD,T,4I,2.0,26000,R
636,EST,LD,T,4M,1.0,18000,R
637,EST,LD,T,9A,0.3,2961,R
638,EST,LD,T,5A,0.5,5855,R
639,EST,LD,T,FW3,1.5,19425,C
640,EST,LD,T,C4DM,0.8,0,C
641,EST,LD,T,C4GM,0.5,6200,C
642,EST,LD,T,9B,6.5,50876,R
643,EST,LD,T,GBMD,0.8,9302,C
644,EST,LD,T,4K,2.0,27000,R
645,EST,LD,T,4I,2.0,26000,R
646,EST,LD,T,4M,1.0,18000,R
647,EST,LD,T,9A,0.3,2961,R
648,EST,LD,T,5A,0.5,5855,R
649,EST,LD,T,FW3,1.5,19425,C
650,EST,LD,T,C4DM,0.8,0,C
651,EST,LD,T,C4GM,0.5,6200,C
652,EST,LD,T,9B,6.5,50876,R
653,EST,LD,T,9A,0.3,2961,R
654,EST,LD,T,5A,0.5,5855,R
655,EST,LD,T,FW3,1.5,19425,C
656,EST,LD,T,C4DM,0.8,0,C
657,EST,LD,T,C4GM,0.5,6200,C
658,EST,LD,T,9B,6.5,50876,R
659,EST,LD,T,GBMD,0.8,9302,C
660,EST,LD,T,4K,2.0,27000,R
661,EST,LD,T,4I,2.0,26000,R
662,EST,LD,T,4M,1.0,18000,R
663,EST,LD,T,9A,0.3,2961,R
664,EST,LD,T,5A,0.5,5855,R
665,EST,LD,T,FW3,1.5,19425,C
666,EST,LD,T,C4DM,0.8,0,C
667,EST,LD,T,C4GM,0.5,6200,C
668,EST,LD,T,9B,6.5,50876,R
669,EST,LD,T,GBMD,0.8,9302,C
670,EST,LD,T,9A,0.3,2961,R
671,EST,LD,T,5A,0.5,5855,R
672,EST,LD,T,FW3,1.5,19425,C
673,EST,LD,T,C4DM,0.8,0,C
674,EST,LD,T,C4GM,0.5,6200,C
675,EST,LD,T,9B,6.5,50876,R
676,EST,LD,T,GBMD,0.8,9302,C
677,EST,LD,T,4K,2.0,27000,R
678,EST,LD,T,4I,2.0,26000,R
679,EST,LD,T,4M,1.0,18000,R
680,EST,LD,T,7,7.0,25417,R
681,EST,LD,T,4A,3.0,17631,R
682,EST,LD,T,FAC,0.8,9653,R
683,EST,LD,T,C4AV,2.0,26000,C
684,EST,LD,T,C4CV,1.5,19425,C
685,EST,LD,T,7BVP,1.0,13500,C
686,EST,LD,T,C4EV,1.0,13500,C
687,EST,LD,T,C4EM,1.5,19425,C
688,EST,LD,T,C4FM,0.8,12500,C
689,EST,LD,T,CMDG,2.0,26000,C
690,EST,LD,T,COTH,0.8,9302,C
691,EST,LD,T,C4KV,2.0,27000,C
692,EST,LD,T,7,7.0,25417,R
693,EST,LD,T,4A,3.0,17631,R
694,EST,LD,T,FAC,0.8,9653,R
695,EST,LD,T,C4AV,2.0,26000,C
696,EST,LD,T,C4CV,1.5,19425,C
697,EST,LD,T,7BVP,1.0,13500,C
698,EST,LD,T,C4EV,1.0,13500,C
699,EST,LD,T,C4EM,1.5,19425,C
700,EST,LD,T,C4FM,0.8,12500,C
701,EST,LD,T,CMDG,2.0,26000,C
702,EST,LD,T,7,7.0,25417,R
703,EST,LD,T,4A,3.0,17631,R
704,EST,LD,T,FAC,0.8,9653,R
705,EST,LD,T,C4AV,2.0,26000,C
706,EST,LD,T,C4CV,1.5,19425,C
707,EST,LD,T,7BVP,1.0,13500,C
708,EST,LD,T,C4EV,1.0,13500,C
709,EST,LD,T,C4EM,1.5,19425,C
710,EST,LD,T,C4FM,0.8,12500,C
711,EST,LD,T,CMDG,2.0,26000,C
712,EST,LD,T,COTH,0.8,9302,C
713,EST,LD,T,7,7.0,25417,R
714,EST,LD,T,4A,3.0,17631,R
715,EST,LD,T,FAC,0.8,9653,R
716,EST,LD,T,C4AV,2.0,26000,C
717,EST,LD,T,C4CV,1.5,19425,C
718,EST,LD,T,7BVP,1.0,13500,C
719,EST,LD,T,C4EV,1.0,13500,C
720,EST,LD,T,C4EM,1.5,19425,C
721,EST,LD,T,C4FM,0.8,12500,C
722,EST,LD,T,CMDG,2.0,26000,C
723,EST,LD,T,COTH,0.8,9302,C
724,EST,LD,T,C4KV,2.0,27000,C
725,EST,MD,T,GM10,1.5,19425,C
726,EST,MD,T,GM11,2.0,26000,C
727,EST,MD,T,GM12,3.0,26000,C
728,EST,MD,T,7,7.0,25417,R
729,EST,MD,T,4A,3.0,17631,R
730,EST,MD,T,FAC,0.8,9653,R
731,EST,MD,T,C4AV,2.0,26000,C
732,EST,MD,T,C4CV,1.5,19425,C
733,EST,MD,T,7BVP,1.0,13500,C
734,EST,MD,T,C4EV,1.0,13500,C
735,EST,MD,T,C4EM,1.5,19425,C
736,EST,MD,T,C4FM,0.8,12500,C
737,EST,MD,T,CMDG,2.0,26000,C
738,EST,MD,T,COTH,0.8,9302,C
739,EST,MD,T,C4KV,2.0,27000,C
740,EST,MD,T,GM10,1.5,19425,C
741,EST,MD,T,GM11,2.0,26000,C
742,EST,MD,T,GM12,3.0,26000,C
743,EST,MD,T,4E,0.5,6500,R
744,EST,MD,T,C4,0.8,9302,C
745,EST,MD,T,7,7.0,25417,R
746,EST,MD,T,4A,3.0,17631,R
747,EST,MD,T,FAC,0.8,9653,R
748,EST,MD,T,C4AV,2.0,26000,C
749,EST,MD,T,C4CV,1.5,19425,C
750,EST,MD,T,7BVP,1.0,13500,C
751,EST,MD,T,C4EV,1.0,13500,C
752,EST,MD,T,C4EM,1.5,19425,C
753,EST,MD,T,7,7.0,25417,R
754,EST,MD,T,4A,3.0,17631,R
755,EST,MD,T,FAC,0.8,9653,R
756,EST,MD,T,C4AV,2.0,26000,C
757,EST,MD,T,C4CV,1.5,19425,C
758,EST,MD,T,7BVP,1.0,13500,C
759,EST,MD,T,C4EV,1.0,13500,C
760,EST,MD,T,C4EM,1.5,19425,C
761,EST,MD,T,C4FM,0.8,12500,C
762,EST,MD,T,CMDG,2.0,26000,C
763,EST,MD,T,COTH,0.8,9302,C
764,EST,MD,T,C4KV,2.0,27000,C
765,EST,MD,T,GM10,1.5,19425,C
766,EST,MD,T,GM11,2.0,26000,C
767,EST,MD,T,GM12,3.0,26000,C
768,EST,MD,T,4E,0.5,6500,R
769,EST,MD,T,C4,0.8,9302,C
770,EST,MD,T,C4FM,0.8,12500,C
771,EST,MD,T,CMDG,2.0,26000,C
772,EST,MD,T,COTH,0.8,9302,C
773,EST,MD,T,C4KV,2.0,27000,C
774,EST,MD,T,GM10,1.5,19425,C
775,EST,MD,T,GM11,2.0,26000,C
776,EST,MD,T,7,7.0,25417,R
777,EST,MD,T,4A,3.0,17631,R
778,EST,MD,T,FAC,0.8,9653,R
779,EST,MD,T,C4AV,2.0,26000,C
780,EST,MD,T,C4CV,1.5,19425,C
781,EST,MD,T,7BVP,1.0,13500,C
782,EST,MD,T,C4EV,1.0,13500,C
783,EST,MD,T,C4EM,1.5,19425,C
784,EST,MD,T,C4FM,0.8,12500,C
785,EST,MD,T,CMDG,2.0,26000,C
786,EST,MD,T,COTH,0.8,9302,C
787,EST,MD,T,C4KV,2.0,27000,C
788,EST,MD,T,GM10,1.5,19425,C
789,EST,MD,T,GM11,2.0,26000,C
790,EST,MD,T,GM12,3.0,26000,C
791,EST,MD,T,4E,0.5,6500,R
792,EST,MD,T,C4,0.8,9302,C
793,EST,MD,T,7,7.0,25417,R
794,EST,MD,T,4A,3.0,17631,R
795,EST,MD,T,FAC,0.8,9653,R
796,EST,MD,T,C4AV,2.0,26000,C
797,EST,MD,T,C4CV,1.5,19425,C
798,EST,MD,T,7BVP,1.0,13500,C
799,EST,MD,T,C4EV,1.0,13500,C
800,EST,MD,T,C4EM,1.5,19425,C
801,EST,MD,T,7,7.0,25417,R
802,EST,MD,T,4A,3.0,17631,R
803,EST,MD,T,FAC,0.8,9653,R
804,EST,MD,T,C4AV,2.0,26000,C
805,EST,MD,T,C4CV,1.5,19425,C
806,EST,MD,T,7BVP,1.0,13500,C
807,EST,MD,T,C4EV,1.0,13500,C
808,EST,MD,T,C4EM,1.5,19425,C
809,EST,MD,T,C4FM,0.8,12500,C
810,EST,MD,T,CMDG,2.0,26000,C
811,EST,MD,T,COTH,0.8,9302,C
812,EST,MD,T,C4KV,2.0,27000,C
813,EST,MD,T,GM10,1.5,19425,C
814,EST,MD,T,GM11,2.0,26000,C
815,EST,MD,T,GM12,3.0,26000,C
816,EST,MD,T,4E,0.5,6500,R
817,EST,MD,T,C4,0.8,9302,C
818,EST,MD,T,C4FM,0.8,12500,C
819,EST,MD,T,CMDG,2.0,26000,C
820,EST,MD,T,COTH,0.8,9302,C
821,EST,MD,T,C4KV,2.0,27000,C
822,EST,MD,T,GM10,1.5,19425,C
823,EST,MD,T,GM11,2.0,26000,C
824,EST,MD,T,GM12,3.0,26000,C
825,EST,MD,T,4E,0.5,6500,R
826,EST,MD,T,C4,0.8,9302,C
827,EST,MD,T,C4FM,0.8,12500,C
828,EST,MD,T,CMDG,2.0,26000,C
829,EST,MD,T,C4EM,1.5,19425,C
830,EST,MD,T,7,7.0,25417,R
831,EST,MD,T,4A,3.0,17631,R
832,EST,MD,T,FAC,0.8,9653,R
833,EST,MD,T,C4AV,2.0,26000,C
834,EST,MD,T,C4CV,1.5,19425,C
835,EST,MD,T,7BVP,1.0,13500,C
836,EST,MD,T,C4EV,1.0,13500,C
837,EST,MD,T,C4EM,1.5,19425,C
838,EST,MD,T,C4FM,0.8,12500,C
839,EST,MD,T,CMDG,2.0,26000,C
840,EST,MD,T,COTH,0.8,9302,C
841,EST,MD,T,C4KV,2.0,27000,C
842,EST,MD,T,GM10,1.5,19425,C
843,EST,MD,T,GM11,2.0,26000,C
844,EST,MD,T,GM12,3.0,26000,C
845,EST,MD,T,4E,0.5,6500,R
846,EST,MD,T,C4,0.8,9302,C
847,EST,MD,T,C4FM,0.8,12500,C
848,EST,MD,T,CMDG,2.0,26000,C
849,EST,MD,T,COTH,0.8,9302,C
850,EST,MD,T,C4KV,2.0,27000,C
851,EST,MD,T,GM10,1.5,19425,C
852,EST,MD,T,GM11,2.0,26000,C
853,EST,MD,T,GM12,3.0,26000,C
854,EST,MD,T,4E,0.5,6500,R
855,EST,MD,T,C4,0.8,9302,C
856,EST,MD,T,C4FM,0.8,12500,C
857,EST,MD,T,GM10,1.5,19425,C
858,EST,MD,T,GM11,2.0,26000,C
859,EST,MD,T,C4FM,0.8,12500,C
860,EST,MD,T,CMDG,2.0,26000,C
861,EST,MD,T,COTH,0.8,9302,C
862,EST,MD,T,C4KV,2.0,27000,C
863,EST,MD,T,GM10,1.5,19425,C
864,EST,MD,T,GM11,2.0,26000,C
865,EST,MD,T,GM12,3.0,26000,C
866,EST,MD,T,4E,0.5,6500,R
867,EST,MD,T,C4,0.8,9302,C
868,EST,MD,T,C4FM,0.8,12500,C
869,EST,MD,T,CMDG,2.0,26000,C
870,EST,MD,T,COTH,0.8,9302,C
871,EST,MD,T,C4KV,2.0,27000,C
872,EST,MD,T,GM10,1.5,19425,C
873,EST,MD,T,GM11,2.0,26000,C
874,EST,MD,T,GM12,3.0,26000,C
875,EST,MD,T,4E,0.5,6500,R
876,EST,MD,T,CMDG,2.0,26000,C
877,EST,MD,T,COTH,0.8,9302,C
878,EST,MD,T,C4KV,2.0,27000,C
879,EST,MD,T,GM10,1.5,19425,C
880,EST,MD,T,GM11,2.0,26000,C
881,EST,MD,T,GM12,3.0,26000,C
882,EST,MD,T,4E,0.5,6500,R
883,EST,MD,T,CMDG,2.0,26000,C
884,EST,MD,T,COTH,0.8,9302,C
885,EST,MD,T,C4KV,2.0,27000,C
886,EST,MD,T,GM10,1.5,19425,C
887,EST,MD,T,GM11,2.0,26000,C
888,EST,MD,T,GM12,3.0,26000,C
889,EST,MD,T,4E,0.5,6500,R
890,EST,MD,T,CMDG,2.0,26000,C
891,EST,MD,T,COTH,0.8,9302,C
892,EST,MD,T,C4KV,2.0,27000,C
893,EST,MD,T,GM10,1.5,19425,C
894,EST,MD,T,GM11,2.0,26000,C
895,EST,MD,T,GM12,3.0,26000,C
896,EST,MD,T,4E,0.5,6500,R
897,EST,MD,T,C4FM,0.8,12500,C
898,EST,MD,T,GM10,1.5,19425,C
899,EST,MD,T,GM11,2.0,26000,C
900,EST,MD,T,GM12,3.0,26000,C
901,EST,MD,T,4E,0.5,6500,R
902,EST,MD,T,C4,0.8,9302,C
903,EST,MD,T,C4FM,0.8,12500,C
904,EST,MD,T,CMDG,2.0,26000,C
905,EST,MD,T,COTH,0.8,9302,C
906,EST,MD,T,C4KV,2.0,27000,C
907,EST,MD,T,GM10,1.5,19425,C
908,EST,MD,T,GM11,2.0,26000,C
909,EST,MD,T,GM12,3.0,26000,C
910,EST,MD,T,4E,0.5,6500,R
911,EST,MD,T,C4,0.8,9302,C
912,EST,MD,T,C4FM,0.8,12500,C
913,EST,MD,T,CMDG,2.0,26000,C
914,EST,MD,T,COTH,0.8,9302,C
915,EST,MD,T,C4KV,2.0,27000,C
916,EST,MD,T,GM10,1.5,19425,C
917,EST,MD,T,GM11,2.0,26000,C
918,EST,MD,T,GM12,3.0,26000,C
919,EST,MD,T,4E,0.5,6500,R
920,EST,MD,T,CMDG,2.0,26000,C
921,EST,MD,T,COTH,0.8,9302,C
922,EST,MD,T,C4KV,2.0,27000,C
923,EST,MD,T,GM10,1.5,19425,C
924,EST,MD,T,GM11,2.0,26000,C
925,EST,MD,T,GM12,3.0,26000,C
926,EST,MD,T,4E,0.5,6500,R
927,EST,MD,T,CMDG,2.0,26000,C
928,EST,MD,T,COTH,0.8,9302,C
929,EST,MD,T,C4KV,2.0,27000,C
930,EST,MD,T,C4FM,0.8,12500,C
931,EST,MD,T,GM10,1.5,19425,C
932,EST,MD,T,GM11,2.0,26000,C
933,EST,MD,T,GM12,3.0,26000,C
934,EST,MD,T,4E,0.5,6500,R
935,EST,MD,T,C4,0.8,9302,C
936,EST,MD,T,C4FM,0.8,12500,C
937,EST,MD,T,CMDG,2.0,26000,C
938,EST,MD,T,COTH,0.8,9302,C
939,EST,MD,T,C4KV,2.0,27000,C
940,EST,MD,T,GM10,1.5,19425,C
941,EST,MD,T,GM11,2.0,26000,C
942,EST,MD,T,GM12,3.0,26000,C
943,EST,MD,T,4E,0.5,6500,R
944,EST,MD,T,C4,0.8,9302,C
945,EST,MD,T,C4FM,0.8,12500,C
946,EST,MD,T,CMDG,2.0,26000,C
947,EST,MD,T,COTH,0.8,9302,C
948,EST,MD,T,C4KV,2.0,27000,C
949,EST,MD,T,GM10,1.5,19425,C
950,EST,MD,T,GM11,2.0,26000,C
951,EST,MD,T,GM12,3.0,26000,C
952,EST,MD,T,4E,0.5,6500,R
953,EST,MD,T,CMDG,2.0,26000,C
954,EST,MD,T,COTH,0.8,9302,C
955,EST,MD,T,C4KV,2.0,27000,C
956,EST,MD,T,GM10,1.5,19425,C
957,EST,MD,T,GM11,2.0,26000,C
958,EST,MD,T,GM12,3.0,26000,C
959,EST,MD,T,4E,0.5,6500,R
960,EST,MD,T,CMDG,2.0,26000,C
961,EST,MD,T,COTH,0.8,9302,C
962,EST,MD,T,C4KV,2.0,27000,C
963,EST,MD,T,GM10,1.5,19425,C
964,EST,MD,T,GM11,2.0,26000,C
965,EST,MD,T,GM12,3.0,26000,C
966,EST,MD,T,4E,0.5,6500,R
967,EST,MD,T,CMDG,2.0,26000,C
968,EST,MD,T,COTH,0.8,9302,C
969,EST,MD,T,C4KV,2.0,27000,C
970,EST,MD,T,GM10,1.5,19425,C
971,EST,MD,T,GM11,2.0,26000,C
972,EST,MD,T,GM12,3.0,26000,C
973,EST,MD,T,4E,0.5,6500,R
974,EST,MD,T,C4FM,0.8,12500,C
975,EST,MD,T,GM10,1.5,19425,C
976,EST,MD,T,GM11,2.0,26000,C
977,EST,MD,T,GM12,3.0,26000,C
978,EST,MD,T,4E,0.5,6500,R
979,EST,MD,T,C4,0.8,9302,C
980,EST,MD,T,C4FM,0.8,12500,C
981,EST,MD,T,CMDG,2.0,26000,C
982,EST,MD,T,COTH,0.8,9302,C
983,EST,MD,T,C4KV,2.0,27000,C
984,EST,MD,T,GM10,1.5,19425,C
985,EST,MD,T,GM11,2.0,26000,C
986,EST,MD,T,GM12,3.0,26000,C
987,EST,MD,T,4E,0.5,6500,R
988,EST,MD,T,C4,0.8,9302,C
989,EST,MD,T,C4FM,0.8,12500,C
990,EST,MD,T,CMDG,2.0,26000,C
991,EST,MD,T,COTH,0.8,9302,C
992,EST,MD,T,C4KV,2.0,27000,C
993,EST,MD,T,GM10,1.5,19425,C
994,EST,MD,T,GM11,2.0,26000,C
995,EST,MD,T,GM12,3.0,26000,C
996,EST,MD,T,4E,0.5,6500,R
997,EST,MD,T,CMDG,2.0,26000,C
998,EST,MD,T,COTH,0.8,9302,C
999,EST,MD,T,C4KV,2.0,27000,C
1000,EST,MD,T,GM10,1.5,19425,C
1001,EST,MD,T,GM11,2.0,26000,C
1002,EST,MD,T,GM12,3.0,26000,C
1003,EST,MD,T,4E,0.5,6500,R
1004,EST,MD,T,CMDG,2.0,26000,C
1005,EST,MD,T,COTH,0.8,9302,C
1006,EST,MD,T,C4KV,2.0,27000,C
1007,EST,MD,T,GM10,1.5,19425,C
1008,EST,MD,T,GM11,2.0,26000,C
1009,EST,MD,T,GM12,3.0,26000,C
1010,EST,MD,T,4E,0.5,6500,R
1011,EST,MD,T,CMDG,2.0,26000,C
1012,EST,MD,T,COTH,0.8,9302,C
1013,EST,MD,T,C4KV,2.0,27000,C
1014,EST,MD,T,GM10,1.5,19425,C
1015,EST,MD,T,GM11,2.0,26000,C
1016,EST,MD,T,GM12,3.0,26000,C
1017,EST,MD,T,4E,0.5,6500,R
1018,EST,MD,T,C4FM,0.8,12500,C
1019,EST,MD,T,GM10,1.5,19425,C
1020,EST,MD,T,GM11,2.0,26000,C
1021,EST,MD,T,GM12,3.0,26000,C
1022,EST,MD,T,4E,0.5,6500,R
1023,EST,MD,T,C4,0.8,9302,C
1024,EST,MD,T,C4FM,0.8,12500,C
1025,EST,MD,T,CMDG,2.0,26000,C
1026,EST,MD,T,COTH,0.8,9302,C
1027,EST,MD,T,C4KV,2.0,27000,C
1028,EST,MD,T,GM10,1.5,19425,C
1029,EST,MD,T,GM11,2.0,26000,C
1030,EST,MD,T,GM12,3.0,26000,C
1031,EST,MD,T,4E,0.5,6500,R
1032,EST,MD,T,C4,0.8,9302,C
1033,EST,MD,T,C4FM,0.8,12500,C
1034,EST,MD,T,CMDG,2.0,26000,C
1035,EST,MD,T,COTH,0.8,9302,C
1036,EST,MD,T,C4KV,2.0,27000,C
1037,EST,MD,T,GM10,1.5,19425,C
1038,EST,MD,T,GM11,2.0,26000,C
1039,EST,MD,T,GM12,3.0,26000,C
1040,EST,MD,T,4E,0.5,6500,R
1041,EST,MD,T,CMDG,2.0,26000,C
1042,EST,MD,T,COTH,0.8,9302,C
1043,EST,MD,T,C4KV,2.0,27000,C
1044,EST,MD,T,GM10,1.5,19425,C
1045,EST,MD,T,GM11,2.0,26000,C
1046,EST,MD,T,GM12,3.0,26000,C
1047,EST,MD,T,4E,0.5,6500,R
1048,EST,MD,T,CMDG,2.0,26000,C
1049,EST,MD,T,COTH,0.8,9302,C
1050,EST,MD,T,C4KV,2.0,27000,C
1051,EST,MD,T,GM10,1.5,19425,C
1052,EST,MD,T,GM11,2.0,26000,C
1053,EST,MD,T,GM12,3.0,26000,C
1054,EST,MD,T,C4FM,0.8,12500,C
1055,EST,MD,T,GM10,1.5,19425,C
1056,EST,MD,T,GM11,2.0,26000,C
1057,EST,MD,T,GM12,3.0,26000,C
1058,EST,MD,T,4E,0.5,6500,R
1059,EST,MD,T,C4,0.8,9302,C
1060,EST,MD,T,C4FM,0.8,12500,C
1061,EST,MD,T,CMDG,2.0,26000,C
1062,EST,MD,T,COTH,0.8,9302,C
1063,EST,MD,T,C4KV,2.0,27000,C
1064,EST,MD,T,GM10,1.5,19425,C
1065,EST,MD,T,GM11,2.0,26000,C
1066,EST,MD,T,GM12,3.0,26000,C
1067,EST,MD,T,4E,0.5,6500,R
1068,EST,MD,T,C4,0.8,9302,C
1069,EST,MD,T,C4FM,0.8,12500,C
1070,EST,MD,T,CMDG,2.0,26000,C
1071,EST,MD,T,COTH,0.8,9302,C
1072,EST,MD,T,C4KV,2.0,27000,C
1073,EST,MD,T,GM10,1.5,19425,C
1074,EST,MD,T,GM11,2.0,26000,C
1075,EST,MD,T,GM12,3.0,26000,C
1076,EST,MD,T,4E,0.5,6500,R
1077,EST,MD,T,CMDG,2.0,26000,C
1078,EST,MD,T,COTH,0.8,9302,C
1079,EST,MD,T,C4KV,2.0,27000,C
1080,EST,MD,T,GM10,1.5,19425,C
1081,EST,MD,T,GM11,2.0,26000,C
1082,EST,MD,T,GM12,3.0,26000,C
1083,EST,MD,T,4E,0.5,6500,R
1084,EST,MD,T,CMDG,2.0,26000,C
1085,EST,MD,T,COTH,0.8,9302,C
1086,EST,MD,T,C4KV,2.0,27000,C
1087,EST,MD,T,GM10,1.5,19425,C
1088,EST,MD,T,GM11,2.0,26000,C
1089,EST,MD,T,GM12,3.0,26000,C
1090,EST,MD,T,4E,0.5,6500,R
1091,EST,MD,T,CMDG,2.0,26000,C
1092,EST,MD,T,COTH,0.8,9302,C
1093,EST,MD,T,C4KV,2.0,27000,C
1094,EST,MD,T,GM10,1.5,19425,C
1095,EST,MD,T,GM11,2.0,26000,C
1096,EST,MD,T,GM12,3.0,26000,C
1097,EST,MD,T,4E,0.5,6500,R
1098,EST,ST,T,8,2.0,23225,R
1099,EST,ST,T,FW2,0.8,9257,C
1100,EST,ST,T,5B,1.0,3882,R
1101,EST,ST,T,C4CM,1.0,4500,C
1102,EST,ST,T,C4HM,3.0,29000,C
1103,EST,ST,T,8A,1.5,19425,R
1104,EST,ST,T,5B,1.0,3882,R
1105,EST,ST,T,C4JM,1.0,18000,C
1106,EST,ST,T,FW2,0.8,9257,C
1107,EST,ST,T,4AVP,1.8,24000,R
1108,EST,ST,T,8,2.0,23225,R
1109,EST,ST,T,FW2,0.8,9257,C
1110,EST,ST,T,5B,1.0,3882,R
1111,EST,ST,T,C4CM,1.0,4500,C
1112,EST,ST,T,C4IV,3.0,40500,C
1113,EST,ST,T,4AVP,1.8,24000,R
1114,EST,ST,T,C4JM,1.0,18000,C
1115,EST,ST,T,C4FV,0.8,13500,C
1116,EST,ST,T,11,8.0,54000,R
1117,EST,ST,T,C4LV,2.0,27000,C
1118,EST,ST,T,11,8.0,54000,R
1119,EST,ST,T,8A,1.5,19425,R
1120,EST,ST,T,8,2.0,23225,R
1121,EST,ST,T,5B,1.0,3882,R
1122,EST,ST,T,8A,1.5,19425,R
1123,EST,ST,T,8,2.0,23225,R
1124,EST,ST,T,5B,1.0,3882,R
1125,EST,ST,T,C4CM,1.0,4500,C
1126,EST,ST,T,C7BV,1.0,13500,C
1127,EST,ST,T,C4HM,3.0,29000,C
1128,EST,ST,T,C4IV,3.0,40500,C
1129,EST,ST,T,8,2.0,23225,R
1130,EST,ST,T,FW2,0.8,9257,C
1131,EST,ST,T,4AVP,1.8,24000,R
1132,EST,ST,T,C4JM,1.0,18000,C
1133,EST,ST,T,4AV,1.8,21000,R
1134,EST,ST,T,C4LV,2.0,27000,C
1135,EST,ST,T,C4FV,0.8,13500,C
1136,EST,ST,T,11,8.0,54000,R
1137,EST,ST,T,131,1.0,13500,R
1138,EST,ST,T,8A,1.5,19425,R
1139,EST,ST,T,8,2.0,23225,R
1140,EST,ST,T,FW2,0.8,9257,C
1141,EST,ST,T,5B,1.0,3882,R
1142,EST,ST,T,C4CM,1.0,4500,C
1143,EST,ST,T,C7BV,1.0,13500,C
1144,EST,ST,T,C4HM,3.0,29000,C
1145,EST,ST,T,C4IV,3.0,40500,C
1146,EST,ST,T,4AVP,1.8,24000,R
1147,EST,ST,T,8A,1.5,19425,R
1148,EST,ST,T,8,2.0,23225,R
1149,EST,ST,T,FW2,0.8,9257,C
1150,EST,ST,T,5B,1.0,3882,R
1151,EST,ST,T,C4CM,1.0,4500,C
1152,EST,ST,T,C7BV,1.0,13500,C
1153,EST,ST,T,C4HM,3.0,29000,C
1154,EST,ST,T,C4IV,3.0,40500,C
1155,EST,ST,T,4AVP,1.8,24000,R
1156,EST,ST,T,C4JM,1.0,18000,C
1157,EST,ST,T,4AV,1.8,21000,R
1158,EST,ST,T,C4LV,2.0,27000,C
1159,EST,ST,T,C4FV,0.8,13500,C
1160,EST,ST,T,11,8.0,54000,R
1161,EST,ST,T,8A,1.5,19425,R
1162,EST,ST,T,8,2.0,23225,R
1163,EST,ST,T,FW2,0.8,9257,C
1164,EST,ST,T,5B,1.0,3882,R
1165,EST,ST,T,C4CM,1.0,4500,C
1166,EST,ST,T,C7BV,1.0,13500,C
1167,EST,ST,T,C4HM,3.0,29000,C
1168,EST,ST,T,C4IV,3.0,40500,C
1169,EST,ST,T,4AVP,1.8,24000,R
1170,EST,ST,T,8A,1.5,19425,R
1171,EST,ST,T,8,2.0,23225,R
1172,EST,ST,T,FW2,0.8,9257,C
1173,EST,ST,T,5B,1.0,3882,R
1174,EST,ST,T,C4CM,1.0,4500,C
1175,EST,ST,T,C7BV,1.0,13500,C
1176,EST,ST,T,C4HM,3.0,29000,C
1177,EST,ST,T,C4IV,3.0,40500,C
1178,EST,ST,T,4AVP,1.8,24000,R
1179,EST,ST,T,C4JM,1.0,18000,C
1180,EST,ST,T,4AV,1.8,21000,R
1181,EST,ST,T,C4LV,2.0,27000,C
1182,EST,ST,T,C4FV,0.8,13500,C
1183,EST,ST,T,11,8.0,54000,R
1184,EST,ST,T,131,1.0,13500,R
1185,EST,ST,T,8A,1.5,19425,R
1186,EST,ST,T,8A,1.5,19425,R
1187,EST,ST,T,8,2.0,23225,R
1188,EST,ST,T,FW2,0.8,9257,C
1189,EST,ST,T,5B,1.0,3882,R
1190,EST,ST,T,C4CM,1.0,4500,C
1191,EST,ST,T,C7BV,1.0,13500,C
1192,EST,ST,T,C4HM,3.0,29000,C
1193,EST,ST,T,C4IV,3.0,40500,C
1194,EST,ST,T,4AVP,1.8,24000,R
1195,EST,ST,T,8A,1.5,19425,R
1196,EST,ST,T,8,2.0,23225,R
1197,EST,ST,T,FW2,0.8,9257,C
1198,EST,ST,T,5B,1.0,3882,R
1199,EST,ST,T,C4CM,1.0,4500,C
1200,EST,ST,T,C7BV,1.0,13500,C
1201,EST,ST,T,C4HM,3.0,29000,C
1202,EST,ST,T,C4IV,3.0,40500,C
1203,EST,ST,T,4AVP,1.8,24000,R
1204,EST,ST,T,8A,1.5,19425,R
1205,EST,ST,T,8,2.0,23225,R
1206,EST,ST,T,FW2,0.8,9257,C
1207,EST,ST,T,5B,1.0,3882,R
1208,EST,ST,T,C4CM,1.0,4500,C
1209,EST,ST,T,C7BV,1.0,13500,C
1210,EST,ST,T,C4HM,3.0,29000,C
1211,EST,ST,T,C4IV,3.0,40500,C
1212,EST,ST,T,4AVP,1.8,24000,R
1213,EST,ST,T,8A,1.5,19425,R
1214,EST,ST,T,8,2.0,23225,R
1215,EST,ST,T,FW2,0.8,9257,C
1216,EST,ST,T,5B,1.0,3882,R
1217,EST,ST,T,C4CM,1.0,4500,C
1218,EST,ST,T,C7BV,1.0,13500,C
1219,EST,ST,T,C4HM,3.0,29000,C
1220,EST,ST,T,C4IV,3.0,40500,C
1221,EST,ST,T,4AVP,1.8,24000,R
1222,EST,ST,T,C4JM,1.0,18000,C
1223,EST,ST,T,4AV,1.8,21000,R
1224,EST,ST,T,C4LV,2.0,27000,C
1225,EST,ST,T,C4FV,0.8,13500,C
1226,EST,ST,T,11,8.0,54000,R
1227,EST,ST,T,131,1.0,13500,R
1228,EST,ST,T,8A,1.5,19425,R
1229,EST,ST,T,8,2.0,23225,R
1230,EST,ST,T,FW2,0.8,9257,C
1231,EST,ST,T,5B,1.0,3882,R
1232,EST,ST,T,C4CM,1.0,4500,C
1233,EST,ST,T,C7BV,1.0,13500,C
1234,EST,ST,T,C4HM,3.0,29000,C
1235,EST,ST,T,C4IV,3.0,40500,C
1236,EST,ST,T,4AVP,1.8,24000,R
1237,EST,ST,T,C4JM,1.0,18000,C
1238,EST,ST,T,8A,1.5,19425,R
1239,EST,ST,T,8,2.0,23225,R
1240,EST,ST,T,FW2,0.8,9257,C
1241,EST,ST,T,5B,1.0,3882,R
1242,EST,ST,T,C4CM,1.0,4500,C
1243,EST,ST,T,C7BV,1.0,13500,C
1244,EST,ST,T,8A,1.5,19425,R
1245,EST,ST,T,8,2.0,23225,R
1246,EST,ST,T,FW2,0.8,9257,C
1247,EST,ST,T,5B,1.0,3882,R
1248,EST,ST,T,C4CM,1.0,4500,C
1249,EST,ST,T,C7BV,1.0,13500,C
1250,EST,ST,T,C4HM,3.0,29000,C
1251,EST,ST,T,C4IV,3.0,40500,C
1252,EST,ST,T,4AVP,1.8,24000,R
1253,EST,ST,T,8A,1.5,19425,R
1254,EST,ST,T,8,2.0,23225,R
1255,EST,ST,T,FW2,0.8,9257,C
1256,EST,ST,T,5B,1.0,3882,R
1257,EST,ST,T,C4CM,1.0,4500,C
1258,EST,ST,T,C7BV,1.0,13500,C
1259,EST,ST,T,C4HM,3.0,29000,C
1260,EST,ST,T,C4IV,3.0,40500,C
1261,EST,ST,T,4AVP,1.8,24000,R
1262,EST,ST,T,C4JM,1.0,18000,C
1263,EST,ST,T,4AV,1.8,21000,R
1264,EST,ST,T,C4LV,2.0,27000,C
1265,EST,ST,T,C4FV,0.8,13500,C
1266,EST,ST,T,11,8.0,54000,R
1267,EST,ST,T,131,1.0,13500,R
1268,EST,ST,T,8A,1.5,19425,R
1269,EST,ST,T,8,2.0,23225,R
1270,EST,ST,T,FW2,0.8,9257,C
1271,EST,ST,T,5B,1.0,3882,R
1272,EST,ST,T,C4CM,1.0,4500,C
1273,EST,ST,T,C7BV,1.0,13500,C
1274,EST,ST,T,C4HM,3.0,29000,C
1275,EST,ST,T,C4IV,3.0,40500,C
1276,EST,ST,T,4AVP,1.8,24000,R
1277,EST,ST,T,C4JM,1.0,18000,C
1278,EST,ST,T,4AV,1.8,21000,R
1279,EST,ST,T,C4LV,2.0,27000,C
1280,EST,ST,T,C4FV,0.8,13500,C
1281,EST,ST,T,11,8.0,54000,R
1282,EST,ST,T,131,1.0,13500,R
1283,EST,ST,T,8A,1.5,19425,R
1284,EST,ST,T,8,2.0,23225,R
1285,EST,ST,T,FW2,0.8,9257,C
1286,EST,ST,T,5B,1.0,3882,R
1287,EST,ST,T,C4CM,1.0,4500,C
1288,EST,ST,T,C7BV,1.0,13500,C
1289,EST,ST,T,C4HM,3.0,29000,C
1290,EST,ST,T,C4IV,3.0,40500,C
1291,EST,ST,T,4AVP,1.8,24000,R
1292,EST,ST,T,8A,1.5,19425,R
1293,EST,ST,T,8,2.0,23225,R
1294,EST,ST,T,FW2,0.8,9257,C
1295,EST,ST,T,5B,1.0,3882,R
1296,EST,ST,T,C4CM,1.0,4500,C
1297,EST,ST,T,C7BV,1.0,13500,C
1298,EST,ST,T,C4HM,3.0,29000,C
1299,EST,ST,T,C4IV,3.0,40500,C
1300,EST,ST,T,4AVP,1.8,24000,R
1301,EST,ST,T,C4JM,1.0,18000,C
1302,EST,ST,T,4AV,1.8,21000,R
1303,EST,ST,T,C4LV,2.0,27000,C
1304,EST,ST,T,C4FV,0.8,13500,C
1305,EST,ST,T,11,8.0,54000,R
1306,EST,ST,T,131,1.0,13500,R
1307,EST,ST,T,8A,1.5,19425,R
1308,EST,ST,T,8,2.0,23225,R
1309,EST,ST,T,FW2,0.8,9257,C
1310,EST,ST,T,5B,1.0,3882,R
1311,EST,ST,T,C4CM,1.0,4500,C
1312,EST,ST,T,C7BV,1.0,13500,C
1313,EST,ST,T,C4HM,3.0,29000,C
1314,EST,ST,T,C4IV,3.0,40500,C
1315,EST,ST,T,4AVP,1.8,24000,R
1316,EST,ST,T,C4JM,1.0,18000,C
1317,EST,ST,T,4AV,1.8,21000,R
1318,EST,ST,T,C4LV,2.0,27000,C
1319,EST,ST,T,C4FV,0.8,13500,C
1320,EST,ST,T,11,8.0,54000,R
1321,EST,ST,T,131,1.0,13500,R
1322,EST,ST,T,131,1.0,13500,R
1323,EST,ST,T,8A,1.5,19425,R
1324,EST,ST,T,8,2.0,23225,R
1325,EST,ST,T,FW2,0.8,9257,C
1326,EST,ST,T,5B,1.0,3882,R
1327,EST,ST,T,C4CM,1.0,4500,C
1328,EST,ST,T,C7BV,1.0,13500,C
1329,EST,ST,T,C4HM,3.0,29000,C
1330,EST,ST,T,C4IV,3.0,40500,C
1331,EST,ST,T,4AVP,1.8,24000,R
1332,EST,ST,T,8A,1.5,19425,R
1333,EST,ST,T,8,2.0,23225,R
1334,EST,ST,T,FW2,0.8,9257,C
1335,EST,ST,T,5B,1.0,3882,R
1336,EST,ST,T,C4CM,1.0,4500,C
1337,EST,ST,T,C7BV,1.0,13500,C
1338,EST,ST,T,C4HM,3.0,29000,C
1339,EST,ST,T,C4IV,3.0,40500,C
1340,EST,ST,T,4AVP,1.8,24000,R
1341,EST,ST,T,C4JM,1.0,18000,C
1342,EST,ST,T,4AV,1.8,21000,R
1343,EST,ST,T,C4LV,2.0,27000,C
1344,EST,ST,T,C4FV,0.8,13500,C
1345,EST,ST,T,11,8.0,54000,R
1346,EST,ST,T,131,1.0,13500,R
1347,EST,UD,T,9,6.3,48919,R
1348,EST,UD,T,6B,0.8,9257,R
1349,EST,UD,T,GEN,3.0,17631,R
1350,EST,UD,T,OTH,0.8,9257,O
1351,EST,UD,T,8B,0.3,2993,R
1352,EST,UD,T,6,12.5,96063,R
1353,EST,UD,T,10,16.0,124000,R
1354,EST,UD,T,7A,0.8,9653,R
1355,EST,UD,T,9,6.3,48919,R
1356,EST,UD,T,6B,0.8,9257,R
1357,EST,UD,T,6,12.5,96063,R
1358,EST,UD,T,10,16.0,124000,R
1359,EST,UD,T,7A,0.8,9653,R
1360,EST,UD,T,5,5.0,31505,R
1361,EST,UD,T,9,6.3,48919,R
1362,EST,UD,T,6B,0.8,9257,R
1363,EST,UD,T,GEN,3.0,17631,R
1364,EST,UD,T,OTH,0.8,9257,O
1365,EST,UD,T,6,12.5,96063,R
1366,EST,UD,T,10,16.0,124000,R
1367,EST,UD,T,7A,0.8,9653,R
1368,EST,UD,T,5,5.0,31505,R
1369,EST,UD,T,9,6.3,48919,R
1370,EST,UD,T,6B,0.8,9257,R
1371,EST,UD,T,GEN,3.0,17631,R
1372,EST,UD,T,OTH,0.8,9257,O
1373,EST,UD,T,8B,0.3,2993,R
1374,EST,UD,V,VHR,0.5,5855,O
1375,EST,UD,B,STL,5.0,31505,R
1376,EST,UD,T,7A,0.8,9653,R
1377,EST,UD,T,5,5.0,31505,R
1378,EST,UD,T,9,6.3,48919,R
1379,EST,UD,T,6,12.5,96063,R
1380,EST,UD,T,10,16.0,124000,R
1381,EST,UD,T,7A,0.8,9653,R
1382,EST,UD,T,5,5.0,31505,R
1383,EST,UD,T,6,12.5,96063,R
1384,EST,UD,T,7A,0.8,9653,R
1385,EST,UD,T,5,5.0,31505,R
1386,EST,UD,T,9,6.3,48919,R
1387,EST,UD,T,6B,0.8,9257,R
1388,EST,UD,T,GEN,3.0,17631,R
1389,EST,UD,T,OTH,0.8,9257,O
1390,EST,UD,T,8B,0.3,2993,R
1391,EST,UD,V,VHR,0.5,5855,O
1392,EST,UD,B,STL,5.0,31505,R
1393,EST,UD,T,6,12.5,96063,R
1394,EST,UD,T,10,16.0,124000,R
1395,EST,UD,T,7A,0.8,9653,R
1396,EST,UD,T,5,5.0,31505,R
1397,EST,UD,T,9,6.3,48919,R
1398,EST,UD,T,6B,0.8,9257,R
1399,EST,UD,T,GEN,3.0,17631,R
1400,EST,UD,T,OTH,0.8,9257,O
1401,EST,UD,T,6,12.5,96063,R
1402,EST,UD,T,10,16.0,124000,R
1403,EST,UD,T,7A,0.8,9653,R
1404,EST,UD,T,5,5.0,31505,R
1405,EST,UD,T,9,6.3,48919,R
1406,EST,UD,T,6B,0.8,9257,R
1407,EST,UD,T,GEN,3.0,17631,R
1408,EST,UD,T,6,12.5,96063,R
1409,EST,UD,T,10,16.0,124000,R
1410,EST,UD,T,7A,0.8,9653,R
1411,EST,UD,T,5,5.0,31505,R
1412,EST,UD,T,9,6.3,48919,R
1413,EST,UD,T,6B,0.8,9257,R
1414,EST,UD,T,GEN,3.0,17631,R
1415,EST,UD,T,OTH,0.8,9257,O
1416,EST,UD,T,8B,0.3,2993,R
1417,EST,UD,V,VHR,0.5,5855,O
1418,EST,UD,B,STL,5.0,31505,R
1419,EST,UD,T,7A,0.8,9653,R
1420,EST,UD,T,5,5.0,31505,R
1421,EST,UD,T,9,6.3,48919,R
1422,EST,UD,T,6B,0.8,9257,R
1423,EST,UD,T,GEN,3.0,17631,R
1424,EST,UD,T,OTH,0.8,9257,O
1425,EST,UD,T,8B,0.3,2993,R
1426,EST,UD,V,VHR,0.5,5855,O
1427,EST,UD,B,STL,5.0,31505,R
1428,EST,UD,T,6,12.5,96063,R
1429,EST,UD,T,10,16.0,124000,R
1430,EST,UD,T,7A,0.8,9653,R
1431,EST,UD,T,5,5.0,31505,R
1432,EST,UD,T,9,6.3,48919,R
1433,EST,UD,T,6B,0.8,9257,R
1434,EST,UD,T,GEN,3.0,17631,R
1435,EST,UD,T,OTH,0.8,9257,O
1436,EST,UD,T,8B,0.3,2993,R
1437,EST,UD,V,VHR,0.5,5855,O
1438,EST,UD,B,STL,5.0,31505,R
1439,EST,UD,T,5,5.0,31505,R
1440,EST,UD,T,9,6.3,48919,R
1441,EST,UD,T,6B,0.8,9257,R
1442,EST,UD,T,GEN,3.0,17631,R
1443,EST,UD,T,OTH,0.8,9257,O
1444,EST,UD,T,6,12.5,96063,R
1445,EST,UD,T,10,16.0,124000,R
1446,EST,UD,T,7A,0.8,9653,R
1447,EST,UD,T,5,5.0,31505,R
1448,EST,UD,T,9,6.3,48919,R
1449,EST,UD,T,6B,0.8,9257,R
1450,EST,UD,T,GEN,3.0,17631,R
1451,EST,UD,T,6,12.5,96063,R
1452,EST,UD,T,10,16.0,124000,R
1453,EST,UD,T,7A,0.8,9653,R
1454,EST,UD,T,5,5.0,31505,R
1455,EST,UD,T,9,6.3,48919,R
1456,EST,UD,T,6B,0.8,9257,R
1457,EST,UD,T,GEN,3.0,17631,R
1458,EST,UD,T,5,5.0,31505,R
1459,EST,UD,T,9,6.3,48919,R
1460,EST,UD,T,6B,0.8,9257,R
1461,EST,UD,T,GEN,3.0,17631,R
1462,EST,UD,T,OTH,0.8,9257,O
1463,EST,UD,T,6,12.5,96063,R
1464,EST,UD,T,10,16.0,124000,R
1465,EST,UD,T,7A,0.8,9653,R
1466,EST,UD,T,5,5.0,31505,R
1467,EST,UD,T,6B,0.8,9257,R
1468,EST,UD,T,GEN,3.0,17631,R
1469,EST,UD,T,6,12.5,96063,R
1470,EST,UD,T,10,16.0,124000,R
1471,EST,UD,T,7A,0.8,9653,R
1472,EST,UD,T,5,5.0,31505,R
1473,EST,UD,T,9,6.3,48919,R
1474,EST,UD,T,6B,0.8,9257,R
1475,EST,UD,T,GEN,3.0,17631,R
1476,EST,UD,T,OTH,0.8,9257,O
1477,EST,UD,T,8B,0.3,2993,R
1478,EST,UD,T,5,5.0,31505,R
1479,EST,UD,T,9,6.3,48919,R
1480,EST,UD,T,6B,0.8,9257,R
1481,EST,UD,T,GEN,3.0,17631,R
1482,EST,UD,T,OTH,0.8,9257,O
1483,EST,UD,T,6,12.5,96063,R
1484,EST,UD,T,10,16.0,124000,R
1485,EST,UD,T,7A,0.8,9653,R
1486,EST,UD,T,5,5.0,31505,R
1487,EST,UD,T,9,6.3,48919,R
1488,EST,UD,T,6B,0.8,9257,R
1489,EST,UD,T,GEN,3.0,17631,R
1490,EST,UD,T,6,12.5,96063,R
1491,EST,UD,T,10,16.0,124000,R
1492,EST,UD,T,5,5.0,31505,R
1493,EST,UD,T,9,6.3,48919,R
1494,EST,UD,T,6B,0.8,9257,R
1495,EST,UD,T,GEN,3.0,17631,R
1496,EST,UD,T,OTH,0.8,9257,O
1497,EST,UD,T,8B,0.3,2993,R
1498,EST,UD,V,VHR,0.5,5855,O
1499,EST,UD,B,STL,5.0,31505,R
1500,EST,UD,T,5,5.0,31505,R
1501,EST,UD,T,9,6.3,48919,R
1502,EST,UD,T,6B,0.8,9257,R
1503,EST,UD,T,5,5.0,31505,R
1504,EST,UD,T,9,6.3,48919,R
1505,EST,UD,T,6B,0.8,9257,R
1506,EST,UD,T,GEN,3.0,17631,R
1507,EST,UD,T,OTH,0.8,9257,O
1508,EST,UD,T,6,12.5,96063,R
1509,EST,UD,T,10,16.0,124000,R
1510,EST,UD,T,7A,0.8,9653,R
1511,EST,UD,T,5,5.0,31505,R
1512,EST,UD,T,9,6.3,48919,R
1513,EST,UD,T,6B,0.8,9257,R
1514,EST,UD,T,GEN,3.0,17631,R
1515,EST,UD,T,6,12.5,96063,R
1516,EST,UD,T,10,16.0,124000,R
1517,EST,UD,T,7A,0.8,9653,R
1518,EST,UD,T,5,5.0,31505,R
1519,EST,UD,T,9,6.3,48919,R
1520,EST,UD,T,6B,0.8,9257,R
1521,EST,UD,T,GEN,3.0,17631,R
1522,EST,UD,T,OTH,0.8,9257,O
1523,EST,UD,T,8B,0.3,2993,R
1524,EST,UD,V,VHR,0.5,5855,O
1525,EST,UD,B,STL,5.0,31505,R
1526,EST,UD,T,7A,0.8,9653,R
1527,EST,UD,T,5,5.0,31505,R
1528,EST,UD,T,9,6.3,48919,R
1529,EST,UD,T,6B,0.8,9257,R
1530,EST,UD,T,GEN,3.0,17631,R
1531,EST,UD,T,OTH,0.8,9257,O
1532,EST,UD,V,VHR,0.5,5855,O
1533,EST,UD,B,STL,5.0,31505,R
1534,EST,UD,T,6,12.5,96063,R
1535,EST,UD,T,10,16.0,124000,R
1536,EST,UD,T,7A,0.8,9653,R
1537,EST,UD,T,5,5.0,31505,R
1538,EST,UD,T,9,6.3,48919,R
1539,EST,UD,T,6B,0.8,9257,R
1540,EST,UD,T,GEN,3.0,17631,R
1541,EST,UD,T,OTH,0.8,9257,O
1542,EST,UD,T,8B,0.3,2993,R
1543,EST,UD,V,VHR,0.5,5855,O
1544,EST,UD,B,STL,5.0,31505,R
1545,EST,UD,T,6,12.5,96063,R
1546,EST,UD,T,10,16.0,124000,R
1547,EST,UD,T,5,5.0,31505,R
1548,EST,UD,T,9,6.3,48919,R
1549,EST,UD,T,6B,0.8,9257,R
1550,EST,UD,T,GEN,3.0,17631,R
1551,EST,UD,T,OTH,0.8,9257,O
1552,EST,UD,T,6,12.5,96063,R
1553,EST,UD,T,10,16.0,124000,R
1554,EST,UD,T,7A,0.8,9653,R
1555,EST,UD,T,5,5.0,31505,R
1556,EST,UD,T,9,6.3,48919,R
1557,EST,UD,T,6B,0.8,9257,R
1558,EST,UD,T,GEN,3.0,17631,R
1559,EST,UD,T,6,12.5,96063,R
1560,EST,UD,T,10,16.0,124000,R
1561,EST,UD,T,7A,0.8,9653,R
1562,EST,UD,T,5,5.0,31505,R
1563,EST,UD,T,9,6.3,48919,R
1564,EST,UD,T,6B,0.8,9257,R
1565,EST,UD,T,GEN,3.0,17631,R
1566,EST,UD,T,OTH,0.8,9257,O
1567,EST,UD,T,8B,0.3,2993,R
1568,EST,UD,V,VHR,0.5,5855,O
1569,EST,UD,B,STL,5.0,31505,R
1570,EST,UD,T,7A,0.8,9653,R
1571,EST,UD,T,5,5.0,31505,R
1572,EST,UD,T,9,6.3,48919,R
1573,EST,UD,T,6B,0.8,9257,R
1574,EST,UD,T,GEN,3.0,17631,R
1575,EST,UD,T,OTH,0.8,9257,O
1576,EST,UD,T,8B,0.3,2993,R
1577,EST,UD,T,5,5.0,31505,R
1578,EST,UD,T,9,6.3,48919,R
1579,EST,UD,T,6B,0.8,9257,R
1580,EST,UD,T,GEN,3.0,17631,R
1581,EST,UD,T,OTH,0.8,9257,O
1582,EST,UD,T,6,12.5,96063,R
1583,EST,UD,T,10,16.0,124000,R
1584,EST,UD,T,7A,0.8,9653,R
1585,EST,UD,T,5,5.0,31505,R
1586,EST,UD,T,9,6.3,48919,R
1587,EST,UD,T,6B,0.8,9257,R
1588,EST,UD,T,GEN,3.0,17631,R
1589,EST,MD,T,6,12.5,96063,R
1590,EST,HO,T,10,16.0,124000,R
1591,EST,UD,T,7A,0.8,9653,R
1592,EST,UD,T,5,5.0,31505,R
1593,EST,UD,T,9,6.3,48919,R
1594,EST,UD,T,6B,0.8,9257,R
1595,EST,UD,T,GEN,3.0,17631,R
1596,EST,UD,T,OTH,0.8,9257,O
1597,EST,UD,T,8B,0.3,2993,R
1598,EST,UD,V,VHR,0.5,5855,O
1599,EST,UD,B,STL,5.0,31505,R
1600,EST,UD,T,7A,0.8,9653,R
1601,EST,UD,T,5,5.0,31505,R
1602,EST,UD,T,9,6.3,48919,R
1603,EST,UD,T,6B,0.8,9257,R
1604,EST,UD,T,GEN,3.0,17631,R
1605,EST,UD,T,OTH,0.8,9257,O
1606,EST,UD,T,8B,0.3,2993,R
1607,EST,UD,V,VHR,0.5,5855,O
1608,EST,UD,B,STL,5.0,31505,R
1609,EST,UD,T,6,12.5,96063,R
1610,EST,UD,T,10,16.0,124000,R
1611,EST,UD,T,7A,0.8,9653,R
1612,EST,UD,T,5,5.0,31505,R
1613,EST,UD,T,9,6.3,48919,R
1614,EST,UD,T,6B,0.8,9257,R
1615,EST,UD,T,5,5.0,31505,R
1616,EST,UD,T,9,6.3,48919,R
1617,EST,UD,T,6B,0.8,9257,R
1618,EST,UD,T,GEN,3.0,17631,R
1619,EST,UD,T,OTH,0.8,9257,O
1620,EST,UD,T,6,12.5,96063,R
1621,EST,UD,T,10,16.0,124000,R
1622,EST,UD,T,7A,0.8,9653,R
1623,EST,UD,T,5,5.0,31505,R
1624,EST,UD,T,9,6.3,48919,R
1625,EST,UD,T,6B,0.8,9257,R
1626,EST,UD,T,GEN,3.0,17631,R
1627,EST,UD,T,6,12.5,96063,R
1628,EST,UD,T,10,16.0,124000,R
1629,EST,UD,T,7A,0.8,9653,R
1630,EST,UD,T,5,5.0,31505,R
1631,EST,UD,T,9,6.3,48919,R
1632,EST,UD,T,6B,0.8,9257,R
1633,EST,UD,T,GEN,3.0,17631,R
1634,EST,UD,T,OTH,0.8,9257,O
1635,EST,UD,T,8B,0.3,2993,R
1636,EST,UD,V,VHR,0.5,5855,O
1637,EST,UD,B,STL,5.0,31505,R
1638,EST,UD,T,7A,0.8,9653,R
1639,EST,UD,T,5,5.0,31505,R
1640,EST,UD,T,9,6.3,48919,R
1641,EST,UD,T,6B,0.8,9257,R
1642,EST,UD,T,GEN,3.0,17631,R
1643,EST,UD,T,OTH,0.8,9257,O
1644,EST,UD,T,8B,0.3,2993,R
1645,EST,UD,V,VHR,0.5,5855,O
1646,EST,UD,B,STL,5.0,31505,R
1647,EST,UD,T,6,12.5,96063,R
1648,EST,UD,T,10,16.0,124000,R
1649,EST,UD,T,7A,0.8,9653,R
1650,EST,UD,T,5,5.0,31505,R
1651,EST,UD,T,9,6.3,48919,R
1652,EST,UD,T,6B,0.8,9257,R
1653,EST,UD,T,5,5.0,31505,R
1654,EST,UD,T,9,6.3,48919,R
1655,EST,UD,T,6B,0.8,9257,R
1656,EST,UD,T,GEN,3.0,17631,R
1657,EST,UD,T,OTH,0.8,9257,O
1658,EST,UD,T,6,12.5,96063,R
1659,EST,UD,T,10,16.0,124000,R
1660,EST,UD,T,7A,0.8,9653,R
1661,EST,UD,T,5,5.0,31505,R
1662,EST,UD,T,9,6.3,48919,R
1663,EST,UD,T,6B,0.8,9257,R
1664,EST,UD,T,GEN,3.0,17631,R
1665,EST,UD,T,6,12.5,96063,R
1666,EST,UD,T,10,16.0,124000,R
1667,EST,UD,T,7A,0.8,9653,R
1668,EST,UD,T,5,5.0,31505,R
1669,EST,UD,T,9,6.3,48919,R
1670,EST,UD,T,6B,0.8,9257,R
1671,EST,UD,T,GEN,3.0,17631,R
1672,EST,UD,T,OTH,0.8,9257,O
1673,EST,UD,T,8B,0.3,2993,R
1674,EST,UD,V,VHR,0.5,5855,O
1675,EST,UD,B,STL,5.0,31505,R
1676,EST,UD,T,7A,0.8,9653,R
1677,EST,UD,T,GEN,3.0,17631,R
1678,EST,UD,T,OTH,0.8,9257,O
1679,EST,UD,T,8B,0.3,2993,R
1680,EST,UD,V,VHR,0.5,5855,O
1681,EST,UD,B,STL,5.0,31505,R
1682,EST,UD,T,7A,0.8,9653,R
1683,EST,UD,T,5,5.0,31505,R
1684,EST,UD,T,9,6.3,48919,R
1685,EST,UD,T,6B,0.8,9257,R
1686,EST,UD,T,GEN,3.0,17631,R
1687,EST,UD,T,OTH,0.8,9257,O
1688,EST,UD,T,8B,0.3,2993,R
1689,EST,UD,V,VHR,0.5,5855,O
1690,EST,UD,B,STL,5.0,31505,R
1691,EST,UD,T,6,12.5,96063,R
1692,EST,UD,T,10,16.0,124000,R
1693,EST,UD,T,7A,0.8,9653,R
1694,EST,UD,T,GEN,3.0,17631,R
1695,EST,UD,T,OTH,0.8,9257,O
1696,EST,UD,T,8B,0.3,2993,R
1697,EST,UD,V,VHR,0.5,5855,O
1698,EST,UD,B,STL,5.0,31505,R
1699,EST,UD,T,7A,0.8,9653,R
1700,EST,UD,T,5,5.0,31505,R
1701,EST,UD,T,9,6.3,48919,R
1702,EST,UD,T,6B,0.8,9257,R
1703,EST,UD,T,GEN,3.0,17631,R
1704,EST,UD,T,OTH,0.8,9257,O
1705,EST,UD,T,8B,0.3,2993,R
1706,EST,UD,V,VHR,0.5,5855,O
1707,EST,UD,B,STL,5.0,31505,R
1708,EST,UD,T,6,12.5,96063,R
1709,EST,UD,T,10,16.0,124000,R
1710,EST,UD,T,GEN,3.0,17631,R
1711,EST,UD,T,OTH,0.8,9257,O
1712,EST,UD,T,8B,0.3,2993,R
1713,EST,UD,V,VHR,0.5,5855,O
1714,EST,UD,B,STL,5.0,31505,R
1715,EST,UD,T,7A,0.8,9653,R
1716,EST,UD,T,5,5.0,31505,R
1717,EST,UD,T,9,6.3,48919,R
1718,EST,UD,T,6B,0.8,9257,R
1719,EST,UD,T,GEN,3.0,17631,R
1720,EST,UD,T,OTH,0.8,9257,O
1721,EST,UD,T,8B,0.3,2993,R
1722,EST,UD,V,VHR,0.5,5855,O
1723,EST,UD,B,STL,5.0,31505,R
1724,EST,UD,T,6,12.5,96063,R
1725,EST,UD,T,10,16.0,124000,R
1726,EST,UD,T,7A,0.8,9653,R
1727,EST,UD,T,5,5.0,31505,R
1728,EST,UD,T,9,6.3,48919,R
1729,EST,UD,T,6B,0.8,9257,R
1730,EST,UD,T,5,5.0,31505,R
1731,EST,UD,T,9,6.3,48919,R
1732,EST,UD,T,6B,0.8,9257,R
1733,EST,UD,T,GEN,3.0,17631,R
1734,EST,UD,T,6,12.5,96063,R
1735,EST,UD,T,10,16.0,124000,R
1736,EST,UD,T,7A,0.8,9653,R
1737,EST,UD,T,5,5.0,31505,R
1738,EST,UD,T,9,6.3,48919,R
1739,EST,UD,T,6B,0.8,9257,R
1740,EST,UD,T,GEN,3.0,17631,R
1741,EST,UD,T,OTH,0.8,9257,O
1742,EST,UD,T,8B,0.3,2993,R
1743,EST,UD,V,VHR,0.5,5855,O
1744,EST,UD,B,STL,5.0,31505,R
1745,EST,UD,T,7A,0.8,9653,R
1746,EST,UD,T,GEN,3.0,17631,R
1747,EST,UD,T,OTH,0.8,9257,O
1748,EST,UD,T,8B,0.3,2993,R
1749,EST,UD,V,VHR,0.5,5855,O
1750,EST,UD,B,STL,5.0,31505,R
1751,EST,UD,T,7A,0.8,9653,R
1752,EST,UD,T,5,5.0,31505,R
1753,EST,UD,T,9,6.3,48919,R
1754,EST,UD,T,6B,0.8,9257,R
1755,EST,UD,T,GEN,3.0,17631,R
1756,EST,UD,T,OTH,0.8,9257,O
1757,EST,UD,T,5,5.0,31505,R
1758,EST,UD,T,9,6.3,48919,R
1759,EST,UD,T,6B,0.8,9257,R
1760,EST,UD,T,GEN,3.0,17631,R
1761,EST,UD,T,OTH,0.8,9257,O
1762,EST,UD,T,5,5.0,31505,R
1763,EST,UD,T,9,6.3,48919,R
1764,EST,UD,T,6B,0.8,9257,R
1765,EST,UD,T,GEN,3.0,17631,R
1766,EST,UD,T,6,12.5,96063,R
1767,EST,UD,T,10,16.0,124000,R
1768,EST,UD,T,7A,0.8,9653,R
1769,EST,UD,T,5,5.0,31505,R
1770,EST,UD,T,9,6.3,48919,R
1771,EST,UD,T,6B,0.8,9257,R
1772,EST,UD,T,GEN,3.0,17631,R
1773,EST,UD,T,OTH,0.8,9257,O
1774,EST,UD,T,8B,0.3,2993,R
1775,EST,UD,V,VHR,0.5,5855,O
1776,EST,UD,B,STL,5.0,31505,R
1777,EST,UD,T,7A,0.8,9653,R
1778,EST,UD,T,GEN,3.0,17631,R
1779,EST,UD,T,OTH,0.8,9257,O
1780,EST,UD,T,5,5.0,31505,R
1781,EST,UD,T,9,6.3,48919,R
1782,EST,UD,T,6B,0.8,9257,R
1783,EST,UD,T,GEN,3.0,17631,R
1784,EST,UD,T,6,12.5,96063,R
1785,EST,UD,T,10,16.0,124000,R
1786,EST,UD,T,7A,0.8,9653,R
1787,EST,UD,T,5,5.0,31505,R
1788,EST,UD,T,9,6.3,48919,R
1789,EST,UD,T,6B,0.8,9257,R
1790,EST,UD,T,GEN,3.0,17631,R
1791,EST,UD,T,OTH,0.8,9257,O
1792,EST,UD,T,8B,0.3,2993,R
1793,EST,UD,V,VHR,0.5,5855,O
1794,EST,UD,B,STL,5.0,31505,R
1795,EST,UD,T,7A,0.8,9653,R
1796,EST,UD,T,GEN,3.0,17631,R
1797,EST,UD,T,OTH,0.8,9257,O
1798,EST,UD,T,8B,0.3,2993,R
1799,EST,UD,V,VHR,0.5,5855,O
1800,EST,UD,B,STL,5.0,31505,R
1801,EST,UD,T,7A,0.8,9653,R
1802,EST,UD,T,5,5.0,31505,R
1803,EST,UD,T,9,6.3,48919,R
1804,EST,UD,T,6B,0.8,9257,R
1805,EST,UD,T,GEN,3.0,17631,R
1806,EST,UD,T,OTH,0.8,9257,O
1807,EST,UD,T,8B,0.3,2993,R
1808,EST,UD,V,VHR,0.5,5855,O
1809,EST,UD,B,STL,5.0,31505,R
1810,EST,UD,T,5,5.0,31505,R
1811,EST,UD,T,9,6.3,48919,R
1812,EST,UD,T,6B,0.8,9257,R
1813,EST,UD,T,GEN,3.0,17631,R
1814,EST,UD,T,6,12.5,96063,R
1815,EST,UD,T,10,16.0,124000,R
1816,EST,UD,T,7A,0.8,9653,R
1817,EST,UD,T,5,5.0,31505,R
1818,EST,UD,T,9,6.3,48919,R
1819,EST,UD,T,6B,0.8,9257,R
1820,EST,UD,T,GEN,3.0,17631,R
1821,EST,UD,T,OTH,0.8,9257,O
1822,EST,UD,T,8B,0.3,2993,R
1823,EST,UD,V,VHR,0.5,5855,O
1824,EST,UD,B,STL,5.0,31505,R
1825,EST,UD,T,7A,0.8,9653,R
1826,EST,UD,T,GEN,3.0,17631,R
1827,EST,UD,T,OTH,0.8,9257,O
1828,EST,UD,T,8B,0.3,2993,R
1829,EST,UD,T,5,5.0,31505,R
1830,EST,UD,T,9,6.3,48919,R
1831,EST,UD,T,6B,0.8,9257,R
1832,EST,UD,T,GEN,3.0,17631,R
1833,EST,UD,T,6,12.5,96063,R
1834,EST,UD,T,10,16.0,124000,R
1835,EST,UD,T,7A,0.8,9653,R
1836,EST,UD,T,5,5.0,31505,R
1837,EST,UD,T,9,6.3,48919,R
1838,EST,UD,T,6B,0.8,9257,R
1839,EST,UD,T,GEN,3.0,17631,R
1840,EST,UD,T,OTH,0.8,9257,O
1841,EST,UD,T,8B,0.3,2993,R
1842,EST,UD,V,VHR,0.5,5855,O
1843,EST,UD,B,STL,5.0,31505,R
1844,EST,UD,T,7A,0.8,9653,R
1845,EST,UD,T,GEN,3.0,17631,R
1846,EST,UD,T,OTH,0.8,9257,O
1847,EST,UD,T,8B,0.3,2993,R
1848,EST,UD,V,VHR,0.5,5855,O
1849,EST,UD,B,STL,5.0,31505,R
1850,EST,UD,T,7A,0.8,9653,R
1851,EST,UD,T,5,5.0,31505,R
1852,EST,UD,T,9,6.3,48919,R
1853,EST,UD,T,6B,0.8,9257,R
1854,EST,UD,T,GEN,3.0,17631,R
1855,EST,UD,T,OTH,0.8,9257,O
1856,EST,UD,T,5,5.0,31505,R
1857,EST,UD,T,9,6.3,48919,R
1858,EST,UD,T,6B,0.8,9257,R
1859,EST,UD,T,GEN,3.0,17631,R
1860,EST,UD,T,6,12.5,96063,R
1861,EST,UD,T,10,16.0,124000,R
1862,EST,UD,T,7A,0.8,9653,R
1863,EST,UD,T,5,5.0,31505,R
1864,EST,UD,T,9,6.3,48919,R
1865,EST,UD,T,5,5.0,31505,R
1866,EST,UD,T,9,6.3,48919,R
1867,EST,UD,T,6B,0.8,9257,R
1868,EST,UD,T,GEN,3.0,17631,R
1869,EST,UD,T,6,12.5,96063,R
1870,EST,UD,T,10,16.0,124000,R
1871,EST,UD,T,7A,0.8,9653,R
1872,EST,UD,T,5,5.0,31505,R
1873,EST,UD,T,9,6.3,48919,R
1874,EST,UD,T,6B,0.8,9257,R
1875,EST,UD,T,GEN,3.0,17631,R
1876,EST,UD,T,OTH,0.8,9257,O
1877,EST,UD,T,8B,0.3,2993,R
1878,EST,UD,V,VHR,0.5,5855,O
1879,EST,UD,B,STL,5.0,31505,R
1880,EST,UD,T,7A,0.8,9653,R
1881,EST,UD,T,GEN,3.0,17631,R
1882,EST,UD,T,OTH,0.8,9257,O
1883,EST,UD,T,5,5.0,31505,R
1884,EST,UD,T,9,6.3,48919,R
1885,EST,UD,T,6B,0.8,9257,R
1886,EST,UD,T,GEN,3.0,17631,R
1887,EST,UD,T,6,12.5,96063,R
1888,EST,UD,T,10,16.0,124000,R
1889,EST,UD,T,7A,0.8,9653,R
1890,EST,UD,T,5,5.0,31505,R
1891,EST,UD,T,9,6.3,48919,R
1892,EST,UD,T,6B,0.8,9257,R
1893,EST,UD,T,GEN,3.0,17631,R
1894,EST,UD,T,OTH,0.8,9257,O
1895,EST,UD,T,8B,0.3,2993,R
1896,EST,UD,V,VHR,0.5,5855,O
1897,EST,UD,B,STL,5.0,31505,R
1898,EST,UD,T,7A,0.8,9653,R
1899,EST,UD,T,GEN,3.0,17631,R
1900,EST,UD,T,OTH,0.8,9257,O
1901,EST,UD,T,8B,0.3,2993,R
1902,EST,UD,V,VHR,0.5,5855,O
1903,EST,UD,T,5,5.0,31505,R
1904,EST,UD,T,9,6.3,48919,R
1905,EST,UD,T,6B,0.8,9257,R
1906,EST,UD,T,GEN,3.0,17631,R
1907,EST,UD,T,6,12.5,96063,R
1908,EST,UD,T,10,16.0,124000,R
1909,EST,UD,T,7A,0.8,9653,R
1910,EST,UD,T,5,5.0,31505,R
1911,EST,UD,T,9,6.3,48919,R
1912,EST,UD,T,6B,0.8,9257,R
1913,EST,UD,T,GEN,3.0,17631,R
1914,EST,UD,T,OTH,0.8,9257,O
1915,EST,UD,T,8B,0.3,2993,R
1916,EST,UD,V,VHR,0.5,5855,O
1917,EST,UD,B,STL,5.0,31505,R
1918,EST,UD,T,7A,0.8,9653,R
1919,EST,UD,T,GEN,3.0,17631,R
1920,EST,UD,T,OTH,0.8,9257,O
1921,EST,UD,T,8B,0.3,2993,R
1922,EST,UD,V,VHR,0.5,5855,O
1923,EST,UD,B,STL,5.0,31505,R
1924,EST,UD,T,7A,0.8,9653,R
1925,EST,UD,T,5,5.0,31505,R
1926,EST,UD,T,9,6.3,48919,R
1927,EST,UD,T,6B,0.8,9257,R
1928,EST,UD,T,GEN,3.0,17631,R
1929,EST,UD,T,OTH,0.8,9257,O
1930,EST,UD,T,5,5.0,31505,R
1931,EST,UD,T,9,6.3,48919,R
1932,EST,UD,T,6B,0.8,9257,R
