ID,EState,Division,CropType,Field,Area (Ha),NumberOfTree,Type
2727,EST,HO,T,6A,0.8,9302,R
11211,EST,HO,T,3A,3.3,48100,R
29593,EST,HO,T,19,5.8,30015,R
37774,EST,HO,T,4B,2.5,14308,R
37875,EST,HO,T,FW1,0.3,4500,C
38178,EST,HO,T,FW4,0.5,5855,C
38784,EST,HO,T,GPM9,5,31505,C
40602,EST,HO,T,4C,2,26000,R
41107,EST,HO,T,4CVP,2,26000,R
41309,EST,HO,T,7B,1,12000,R
42622,EST,HO,T,6A,0.8,9302,R
42723,EST,HO,T,3A,3.3,48100,R
42925,EST,HO,T,19,5.8,30015,R
43632,EST,HO,T,4B,2.5,14308,R
43834,EST,HO,T,FW1,0.3,4500,C
44440,EST,HO,T,FW4,0.5,5855,C
45450,EST,HO,T,GPM9,5,31505,C
46763,EST,HO,T,4C,2,26000,R
47773,EST,HO,T,4CVP,2,26000,R
51914,EST,HO,T,7B,1,12000,R
52621,EST,HO,T,6A,0.8,9302,R
56560,EST,HO,T,3A,3.3,48100,R
59691,EST,HO,T,19,5.8,30015,R
61408,EST,HO,T,4B,2.5,14308,R
62317,EST,HO,T,FW1,0.3,4500,C
63428,EST,HO,T,FW4,0.5,5855,C
63529,EST,HO,T,GPM9,5,31505,C
64236,EST,HO,T,4C,2,26000,R
64741,EST,HO,T,4CVP,2,26000,R
65751,EST,HO,T,7B,1,12000,R
65852,EST,HO,T,6A,0.8,9302,R
66256,EST,HO,T,3A,3.3,48100,R
66559,EST,HO,T,19,5.8,30015,R
67064,EST,HO,T,4B,2.5,14308,R
67468,EST,HO,T,FW1,0.3,4500,C
68175,EST,HO,T,FW4,0.5,5855,C
68579,EST,HO,T,GPM9,5,31505,C
68680,EST,HO,T,4C,2,26000,R
68882,EST,HO,T,4CVP,2,26000,R
69589,EST,HO,T,7B,1,12000,R
69791,EST,HO,T,6A,0.8,9302,R
69993,EST,HO,T,3A,3.3,48100,R
70094,EST,HO,T,19,5.8,30015,R
70195,EST,HO,T,4B,2.5,14308,R
70397,EST,HO,T,FW1,0.3,4500,C
71003,EST,HO,T,FW4,0.5,5855,C
71104,EST,HO,T,GPM9,5,31505,C
71205,EST,HO,T,4C,2,26000,R
71306,EST,HO,T,4CVP,2,26000,R
71710,EST,HO,T,7B,1,12000,R
72316,EST,HO,T,6A,0.8,9302,R
72821,EST,HO,T,3A,3.3,48100,R
72922,EST,HO,T,19,5.8,30015,R
73023,EST,HO,T,4B,2.5,14308,R
73124,EST,HO,T,FW1,0.3,4500,C
73831,EST,HO,T,FW4,0.5,5855,C
74033,EST,HO,T,GPM9,5,31505,C
74336,EST,HO,T,4C,2,26000,R
74639,EST,HO,T,4CVP,2,26000,R
74740,EST,HO,T,7B,1,12000,R
75043,EST,HO,T,6A,0.8,9302,R
75346,EST,HO,T,3A,3.3,48100,R
75851,EST,HO,T,19,5.8,30015,R
76558,EST,HO,T,4B,2.5,14308,R
76659,EST,HO,T,FW1,0.3,4500,C
77669,EST,HO,T,FW4,0.5,5855,C
77871,EST,HO,T,GPM9,5,31505,C
78275,EST,HO,T,4C,2,26000,R
78477,EST,HO,T,4CVP,2,26000,R
78982,EST,HO,T,7B,1,12000,R
79487,EST,HO,T,6A,0.8,9302,R
79790,EST,HO,T,3A,3.3,48100,R
81608,EST,HO,T,19,5.8,30015,R
81709,EST,HO,T,4B,2.5,14308,R
81810,EST,HO,T,FW1,0.3,4500,C
82315,EST,HO,T,FW4,0.5,5855,C
82416,EST,HO,T,GPM9,5,31505,C
84032,EST,HO,T,4C,2,26000,R
84739,EST,HO,T,4CVP,2,26000,R
85143,EST,HO,T,7B,1,12000,R
85244,EST,HO,T,6A,0.8,9302,R
85446,EST,HO,T,3A,3.3,48100,R
85951,EST,HO,T,19,5.8,30015,R
86658,EST,HO,T,4B,2.5,14308,R
86860,EST,HO,T,FW1,0.3,4500,C
87971,EST,HO,T,FW4,0.5,5855,C
88072,EST,HO,T,GPM9,5,31505,C
88173,EST,HO,T,4C,2,26000,R
88779,EST,HO,T,4CVP,2,26000,R
89284,EST,HO,T,7B,1,12000,R
89385,EST,HO,T,6A,0.8,9302,R
89587,EST,HO,T,3A,3.3,48100,R
89688,EST,HO,T,19,5.8,30015,R
89890,EST,HO,T,4B,2.5,14308,R
90193,EST,HO,T,FW1,0.3,4500,C
90294,EST,HO,T,FW4,0.5,5855,C
90395,EST,HO,T,GPM9,5,31505,C
90597,EST,HO,T,4C,2,26000,R
90698,EST,HO,T,4CVP,2,26000,R
91001,EST,HO,T,7B,1,12000,R
91809,EST,HO,T,6A,0.8,9302,R
92112,EST,HO,T,3A,3.3,48100,R
92213,EST,HO,T,19,5.8,30015,R
92314,EST,HO,T,4B,2.5,14308,R
92516,EST,HO,T,FW1,0.3,4500,C
92617,EST,HO,T,FW4,0.5,5855,C
92920,EST,HO,T,GPM9,5,31505,C
93021,EST,HO,T,4C,2,26000,R
93425,EST,HO,T,4CVP,2,26000,R
93627,EST,HO,T,7B,1,12000,R
93829,EST,HO,T,6A,0.8,9302,R
94031,EST,HO,T,3A,3.3,48100,R
94132,EST,HO,T,19,5.8,30015,R
94435,EST,HO,T,4B,2.5,14308,R
94839,EST,HO,T,FW1,0.3,4500,C
94940,EST,HO,T,FW4,0.5,5855,C
95041,EST,HO,T,GPM9,5,31505,C
95243,EST,HO,T,4C,2,26000,R
95647,EST,HO,T,4CVP,2,26000,R
96152,EST,HO,T,7B,1,12000,R
96354,EST,HO,T,6A,0.8,9302,R
96556,EST,HO,T,3A,3.3,48100,R
96859,EST,HO,T,19,5.8,30015,R
97162,EST,HO,T,4B,2.5,14308,R
97566,EST,HO,T,FW1,0.3,4500,C
97768,EST,HO,T,FW4,0.5,5855,C
98071,EST,HO,T,GPM9,5,31505,C
98172,EST,HO,T,6A,0.8,9302,R
98273,EST,HO,T,3A,3.3,48100,R
98475,EST,HO,T,19,5.8,30015,R
98879,EST,HO,T,4B,2.5,14308,R
99182,EST,HO,T,FW1,0.3,4500,C
99283,EST,HO,T,FW4,0.5,5855,C
99384,EST,HO,T,GPM9,5,31505,C
99586,EST,HO,T,4C,2,26000,R
99889,EST,HO,T,4CVP,2,26000,R
99990,EST,HO,T,7B,1,12000,R
100091,EST,HO,T,4C,2,26000,R
100192,EST,HO,T,4CVP,2,26000,R
102818,EST,HO,T,7B,1,12000,R
103424,EST,HO,T,6A,0.8,9302,R
103525,EST,HO,T,3A,3.3,48100,R
103626,EST,HO,T,19,5.8,30015,R
104838,EST,HO,T,4B,2.5,14308,R
104939,EST,HO,T,FW1,0.3,4500,C
105040,EST,HO,T,6A,0.8,9302,R
105141,EST,HO,T,3A,3.3,48100,R
106252,EST,HO,T,19,5.8,30015,R
106757,EST,HO,T,4B,2.5,14308,R
107161,EST,HO,T,FW1,0.3,4500,C
107666,EST,HO,T,FW4,0.5,5855,C
108676,EST,HO,T,GPM9,5,31505,C
109888,EST,HO,T,4C,2,26000,R
109989,EST,HO,T,4CVP,2,26000,R
110797,EST,HO,T,7B,1,12000,R
111100,EST,HO,T,4B,2.5,14308,R
111201,EST,HO,T,FW1,0.3,4500,C
111504,EST,HO,T,FW4,0.5,5855,C
111605,EST,HO,T,GPM9,5,31505,C
111807,EST,HO,T,4C,2,26000,R
111908,EST,HO,T,4CVP,2,26000,R
112110,EST,HO,T,7B,1,12000,R
112312,EST,HO,T,6A,0.8,9302,R
112413,EST,HO,T,3A,3.3,48100,R
112514,EST,HO,T,19,5.8,30015,R
112615,EST,HO,T,4B,2.5,14308,R
112716,EST,HO,T,FW1,0.3,4500,C
113120,EST,HO,T,6A,0.8,9302,R
113221,EST,HO,T,3A,3.3,48100,R
113322,EST,HO,T,19,5.8,30015,R
113423,EST,HO,T,4B,2.5,14308,R
113524,EST,HO,T,FW1,0.3,4500,C
113625,EST,HO,T,FW4,0.5,5855,C
113726,EST,HO,T,GPM9,5,31505,C
113827,EST,HO,T,6A,0.8,9302,R
113928,EST,HO,T,3A,3.3,48100,R
114029,EST,HO,T,19,5.8,30015,R
114130,EST,HO,T,4B,2.5,14308,R
114231,EST,HO,T,FW1,0.3,4500,C
114332,EST,HO,T,6A,0.8,9302,R
114534,EST,HO,T,3A,3.3,48100,R
114635,EST,HO,T,19,5.8,30015,R
114736,EST,HO,T,4B,2.5,14308,R
115039,EST,HO,T,FW1,0.3,4500,C
115443,EST,HO,T,FW4,0.5,5855,C
115544,EST,HO,T,GPM9,5,31505,C
115847,EST,HO,T,4C,2,26000,R
115948,EST,HO,T,4CVP,2,26000,R
707000,EST,HO,T,7B,1,12000,R
707101,EST,HO,T,4B,2.5,14308,R
707202,EST,HO,T,FW1,0.3,4500,C
3030303,EST,HO,T,FW4,0.5,5855,C
3030404,EST,HO,T,6A,0.8,9302,R
101,EST,HO,T,3A,3.3,48100,R
404,EST,HO,T,19,5.8,30015,R
1616,EST,HO,T,4B,2.5,14308,R
3030,EST,HO,T,FW1,0.3,4500,C
3131,EST,HO,T,FW4,0.5,5855,C
3737,EST,HO,T,GPM9,5,31505,C
4242,EST,HO,T,6A,0.8,9302,R
4848,EST,HO,T,3A,3.3,48100,R
4949,EST,HO,T,19,5.8,30015,R
5656,EST,HO,T,4B,2.5,14308,R
6464,EST,HO,T,FW1,0.3,4500,C
6565,EST,HO,T,FW4,0.5,5855,C
6868,EST,HO,T,GPM9,5,31505,C
7070,EST,HO,T,4C,2,26000,R
7474,EST,HO,T,6A,0.8,9302,R
9696,EST,HO,T,3A,3.3,48100,R
9999,EST,HO,T,19,5.8,30015,R
10908,EST,HO,T,4B,2.5,14308,R
12322,EST,HO,T,FW1,0.3,4500,C
13029,EST,HO,T,FW4,0.5,5855,C
13534,EST,HO,T,GPM9,5,31505,C
13635,EST,HO,T,4C,2,26000,R
13736,EST,HO,T,6A,0.8,9302,R
13837,EST,HO,T,3A,3.3,48100,R
13938,EST,HO,T,19,5.8,30015,R
14241,EST,HO,T,4B,2.5,14308,R
579437,EST,HO,T,FW1,0.3,4500,C
579538,EST,HO,T,6A,0.8,9302,R
808606,EST,HO,T,3A,3.3,48100,R
808808,EST,HO,T,19,5.8,30015,R
812141,EST,HO,T,4B,2.5,14308,R
817898,EST,HO,T,FW1,0.3,4500,C
818201,EST,HO,T,FW4,0.5,5855,C
818100,EST,HO,T,6A,0.8,9302,R
810020,EST,HO,T,3A,3.3,48100,R
820928,EST,HO,T,19,5.8,30015,R
819716,EST,HO,T,4B,2.5,14308,R
818605,EST,HO,T,FW1,0.3,4500,C
818706,EST,HO,T,FW4,0.5,5855,C
819009,EST,HO,T,6A,0.8,9302,R
821736,EST,HO,T,3A,3.3,48100,R
817393,EST,HO,T,19,5.8,30015,R
810626,EST,HO,T,4B,2.5,14308,R
823756,EST,HO,T,FW1,0.3,4500,C
824968,EST,HO,T,6A,0.8,9302,R
822241,EST,HO,T,3A,3.3,48100,R
826079,EST,HO,T,19,5.8,30015,R
826281,EST,HO,T,4B,2.5,14308,R
826887,EST,HO,T,FW1,0.3,4500,C
824362,EST,HO,T,FW4,0.5,5855,C
824766,EST,HO,T,6A,0.8,9302,R
810828,EST,HO,T,3A,3.3,48100,R
819514,EST,HO,T,19,5.8,30015,R
825170,EST,HO,T,4B,2.5,14308,R
819110,EST,HO,T,FW1,0.3,4500,C
824160,EST,HO,T,FW4,0.5,5855,C
578427,EST,HO,T,GPM9,5,31505,C
817999,EST,HO,T,4C,2,26000,R
818807,EST,HO,T,6A,0.8,9302,R
819817,EST,HO,T,3A,3.3,48100,R
823150,EST,HO,T,19,5.8,30015,R
215534,EST,HO,T,4B,2.5,14308,R
121402,EST,HO,T,FW1,0.3,4500,R
121301,EST,HO,T,6A,0.8,9302,R
121503,EST,HO,T,3A,3.3,48100,C
124432,EST,HO,T,19,5.8,30015,R
124735,EST,HO,T,4B,2.5,14308,R
124634,EST,HO,T,FW1,0.3,4500,R
116251,EST,HO,T,FW4,0.5,5855,R
117867,EST,HO,T,6A,0.8,9302,C
119988,EST,HO,T,4B,2.5,14308,C
122109,EST,HO,T,FW1,0.3,4500,R
116453,EST,HO,T,FW4,0.5,5855,C
117463,EST,HO,T,6A,0.8,9302,R
122008,EST,HO,T,3A,3.3,48100,R
123826,EST,HO,T,19,5.8,30015,R
124533,EST,HO,T,4B,2.5,14308,R
123220,EST,HO,T,GPM9,5,31505,C
121200,EST,HO,T,6A,0.8,9302,R
220685,EST,HO,T,3A,3.3,48100,R
220786,EST,HO,T,19,5.8,30015,R
215433,EST,HO,T,4B,2.5,14308,R
217857,EST,HO,T,FW1,0.3,4500,C
206747,EST,HO,T,FW4,0.5,5855,C
207454,EST,HO,T,GPM9,5,31505,C
213918,EST,HO,T,4C,2,26000,R
205333,EST,HO,T,6A,0.8,9302,R
205535,EST,HO,T,3A,3.3,48100,R
207757,EST,HO,T,19,5.8,30015,R
208363,EST,HO,T,4B,2.5,14308,R
208464,EST,HO,T,FW1,0.3,4500,C
208868,EST,HO,T,FW4,0.5,5855,C
211999,EST,HO,T,GPM9,5,31505,C
214625,EST,HO,T,4C,2,26000,R
215130,EST,HO,T,6A,0.8,9302,R
215332,EST,HO,T,3A,3.3,48100,R
216948,EST,HO,T,19,5.8,30015,R
218261,EST,HO,T,4B,2.5,14308,R
215837,EST,HO,T,FW1,0.3,4500,C
207555,EST,HO,T,6A,0.8,9302,R
207959,EST,HO,T,3A,3.3,48100,R
209878,EST,HO,T,19,5.8,30015,R
211393,EST,HO,T,4B,2.5,14308,R
211898,EST,HO,T,FW1,0.3,4500,C
212504,EST,HO,T,FW4,0.5,5855,C
212605,EST,HO,T,6A,0.8,9302,R
213009,EST,HO,T,3A,3.3,48100,R
213716,EST,HO,T,19,5.8,30015,R
216039,EST,HO,T,4B,2.5,14308,R
216746,EST,HO,T,FW1,0.3,4500,C
217453,EST,HO,T,FW4,0.5,5855,C
218059,EST,HO,T,6A,0.8,9302,R
218463,EST,HO,T,3A,3.3,48100,R
218564,EST,HO,T,19,5.8,30015,R
218766,EST,HO,T,4B,2.5,14308,R
218968,EST,HO,T,FW1,0.3,4500,C
219069,EST,HO,T,6A,0.8,9302,R
219877,EST,HO,T,3A,3.3,48100,R
220180,EST,HO,T,19,5.8,30015,R
220382,EST,HO,T,4B,2.5,14308,R
220483,EST,HO,T,FW1,0.3,4500,C
205737,EST,HO,T,FW4,0.5,5855,C
820120,EST,HO,T,6A,0.8,9302,R
579639,EST,HO,T,3A,3.3,48100,R
580346,EST,HO,T,19,5.8,30015,R
583679,EST,HO,T,4B,2.5,14308,R
586204,EST,HO,T,FW1,0.3,4500,C
587416,EST,HO,T,FW4,0.5,5855,C
589840,EST,HO,T,GPM9,5,31505,C
590446,EST,HO,T,4C,2,26000,R
590648,EST,HO,T,6A,0.8,9302,R
1053430,EST,HO,T,3A,3.3,48100,R
1053632,EST,HO,T,19,5.8,30015,R
1083730,EST,HO,T,4B,2.5,14308,R
1088881,EST,HO,T,FW1,0.3,4500,R
1088982,EST,HO,T,6A,0.8,9302,R
1089083,EST,HO,T,3A,3.3,48100,C
1089184,EST,HO,T,GPM9,5,31505,C
1089285,EST,HO,T,6A,0.8,9302,R
1089386,EST,HO,T,3A,3.3,48100,R
1090194,EST,HO,T,19,5.8,30015,R
1092113,EST,HO,T,4B,2.5,14308,R
826180,EST,HO,T,FW1,0.3,4500,C
121604,EST,HO,T,FW4,0.5,5855,C
123018,EST,HO,T,GPM9,5,31505,C
123422,EST,HO,T,4C,2,26000,R
124331,EST,HO,T,6A,0.8,9302,R
1058581,EST,HO,T,3A,3.3,48100,R
1058682,EST,HO,T,19,5.8,30015,R
1058985,EST,HO,T,4B,2.5,14308,R
1059591,EST,HO,T,FW1,0.3,4500,C
1059894,EST,HO,T,FW4,0.5,5855,C
1060399,EST,HO,T,GPM9,5,31505,C
1071307,EST,HO,T,4C,2,26000,R
1074135,EST,HO,T,6A,0.8,9302,R
1074236,EST,HO,T,3A,3.3,48100,R
1074539,EST,HO,T,19,5.8,30015,R
1074640,EST,HO,T,4B,2.5,14308,R
1075448,EST,HO,T,FW1,0.3,4500,C
1075852,EST,HO,T,6A,0.8,9302,R
1076054,EST,HO,T,3A,3.3,48100,R
1079791,EST,HO,T,19,5.8,30015,R
1080902,EST,HO,T,4B,2.5,14308,R
1081205,EST,HO,T,FW1,0.3,4500,C
1081407,EST,HO,T,FW4,0.5,5855,C
1085851,EST,HO,T,6A,0.8,9302,R
1086154,EST,HO,T,3A,3.3,48100,R
1086558,EST,HO,T,19,5.8,30015,R
1087770,EST,HO,T,4B,2.5,14308,R
1087871,EST,HO,T,FW1,0.3,4500,C
1092921,EST,HO,T,FW4,0.5,5855,C
707303,EST,HO,T,6A,0.8,9302,R
708414,EST,HO,T,3A,3.3,48100,R
1079387,EST,HO,T,19,5.8,30015,R
1079488,EST,HO,T,4B,2.5,14308,R
1079589,EST,HO,T,FW1,0.3,4500,C
1088275,EST,HO,T,6A,0.8,9302,R
1088376,EST,HO,T,3A,3.3,48100,R
1088679,EST,HO,T,19,5.8,30015,R
1088780,EST,HO,T,4B,2.5,14308,R
208161,EST,HO,T,FW1,0.3,4500,C
208767,EST,HO,T,FW4,0.5,5855,C
214928,EST,HO,T,6A,0.8,9302,R
218362,EST,HO,T,3A,3.3,48100,R
219170,EST,HO,T,19,5.8,30015,R
219473,EST,HO,T,4B,2.5,14308,R
219574,EST,HO,T,FW1,0.3,4500,C
1054238,EST,HO,T,FW4,0.5,5855,C
1059086,EST,HO,T,GPM9,5,31505,C
1071711,EST,HO,T,4C,2,26000,R
1072115,EST,HO,T,6A,0.8,9302,R
1072317,EST,HO,T,3A,3.3,48100,R
1072418,EST,HO,T,19,5.8,30015,R
1073933,EST,HO,T,4B,2.5,14308,R
1076256,EST,HO,T,FW1,0.3,4500,R
1081508,EST,HO,T,6A,0.8,9302,R
1081710,EST,HO,T,3A,3.3,48100,C
1081811,EST,HO,T,19,5.8,30015,R
1082114,EST,HO,T,4B,2.5,14308,R
1082215,EST,HO,T,FW1,0.3,4500,R
1085548,EST,HO,T,FW4,0.5,5855,R
1085750,EST,HO,T,6A,0.8,9302,C
808101,EST,HO,T,4B,2.5,14308,C
808202,EST,HO,T,GPM9,5,31505,C
811636,EST,HO,T,6A,0.8,9302,R
812848,EST,HO,T,3A,3.3,48100,R
812949,EST,HO,T,19,5.8,30015,R
814969,EST,HO,T,4B,2.5,14308,R
815070,EST,HO,T,FW1,0.3,4500,C
816080,EST,HO,T,FW4,0.5,5855,C
816686,EST,HO,T,GPM9,5,31505,C
816787,EST,HO,T,4C,2,26000,R
817696,EST,HO,T,6A,0.8,9302,R
818504,EST,HO,T,3A,3.3,48100,R
819312,EST,HO,T,19,5.8,30015,R
820019,EST,HO,T,4B,2.5,14308,R
820423,EST,HO,T,FW1,0.3,4500,C
821130,EST,HO,T,FW4,0.5,5855,C
824463,EST,HO,T,GPM9,5,31505,C
824867,EST,HO,T,4C,2,26000,R
827190,EST,HO,T,6A,0.8,9302,R
827695,EST,HO,T,3A,3.3,48100,R
1073630,EST,HO,T,19,5.8,30015,R
1073731,EST,HO,T,4B,2.5,14308,R
1074337,EST,HO,T,FW1,0.3,4500,C
1083831,EST,HO,T,6A,0.8,9302,R
1083932,EST,HO,T,3A,3.3,48100,R
1084033,EST,HO,T,19,5.8,30015,R
6065353,EST,HO,T,4B,2.5,14308,R
824059,EST,HO,T,FW1,0.3,4500,C
1096759,EST,HO,T,FW4,0.5,5855,C
1096860,EST,HO,T,6A,0.8,9302,R
1096961,EST,HO,T,3A,3.3,48100,R
1097062,EST,HO,T,19,5.8,30015,R
1097163,EST,HO,T,4B,2.5,14308,R
1414,EST,HO,T,FW1,0.3,4500,C
1089689,EST,HO,T,FW4,0.5,5855,C
1094941,EST,HO,T,6A,0.8,9302,R
1095042,EST,HO,T,3A,3.3,48100,R
1095143,EST,HO,T,19,5.8,30015,R
1095244,EST,HO,T,4B,2.5,14308,R
1095345,EST,HO,T,FW1,0.3,4500,C
1095446,EST,HO,T,6A,0.8,9302,R
1095547,EST,HO,T,3A,3.3,48100,R
1095648,EST,HO,T,19,5.8,30015,R
1095749,EST,HO,T,4B,2.5,14308,R
1095850,EST,HO,T,FW1,0.3,4500,C
1095951,EST,HO,T,FW4,0.5,5855,C
1096052,EST,HO,T,6A,0.8,9302,R
1096153,EST,HO,T,3A,3.3,48100,R
1096254,EST,HO,T,19,5.8,30015,R
1096456,EST,HO,T,4B,2.5,14308,R
1096557,EST,HO,T,FW1,0.3,4500,C
1096658,EST,HO,T,FW4,0.5,5855,C
1097264,EST,HO,T,GPM9,5,31505,C
1097365,EST,HO,T,4C,2,26000,R
1097466,EST,HO,T,6A,0.8,9302,R
1097567,EST,HO,T,3A,3.3,48100,R
1097668,EST,HO,T,19,5.8,30015,R
1097769,EST,HO,T,4B,2.5,14308,R
1094840,EST,HO,T,FW1,0.3,4500,R
1097971,EST,HO,T,6A,0.8,9302,R
1098072,EST,HO,T,3A,3.3,48100,C
218665,EST,HO,T,19,5.8,30015,R
215231,EST,HO,T,4B,2.5,14308,R
209171,EST,HO,T,FW1,0.3,4500,R
220281,EST,HO,T,FW4,0.5,5855,R
220584,EST,HO,T,6A,0.8,9302,C
1072216,EST,HO,T,4B,2.5,14308,C
1082013,EST,HO,T,FW1,0.3,4500,R
1082316,EST,HO,T,FW4,0.5,5855,C
1082619,EST,HO,T,6A,0.8,9302,R
1083629,EST,HO,T,3A,3.3,48100,R
124028,EST,HO,T,19,5.8,30015,R
116958,EST,HO,T,4B,2.5,14308,R
119079,EST,HO,T,GPM9,5,31505,C
123119,EST,HO,T,6A,0.8,9302,R
1058783,EST,HO,T,3A,3.3,48100,R
1058884,EST,HO,T,19,5.8,30015,R
1059793,EST,HO,T,4B,2.5,14308,R
1060096,EST,HO,T,FW1,0.3,4500,C
1074438,EST,HO,T,FW4,0.5,5855,C
1075650,EST,HO,T,GPM9,5,31505,C
1075751,EST,HO,T,4C,2,26000,R
1075953,EST,HO,T,6A,0.8,9302,R
1076357,EST,HO,T,3A,3.3,48100,R
1080094,EST,HO,T,19,5.8,30015,R
1080195,EST,HO,T,4B,2.5,14308,R
1080296,EST,HO,T,FW1,0.3,4500,C
1080498,EST,HO,T,FW4,0.5,5855,C
1083124,EST,HO,T,GPM9,5,31505,C
1083528,EST,HO,T,4C,2,26000,R
1085952,EST,HO,T,6A,0.8,9302,R
1086053,EST,HO,T,3A,3.3,48100,R
289365,EST,LD,T,9A,0.3,2961,R
296536,EST,LD,T,5A,0.5,5855,R
332593,EST,LD,T,FW3,1.5,19425,C
342188,EST,LD,T,C4DM,0.8,0,C
352793,EST,LD,T,C4GM,0.5,6200,C
359661,EST,LD,T,9B,6.5,50876,R
360671,EST,LD,T,GBMD,0.8,9302,C
361782,EST,LD,T,4K,2,27000,R
370771,EST,LD,T,4I,2,26000,R
371175,EST,LD,T,4M,1,18000,R
371781,EST,LD,T,9A,0.3,2961,R
371882,EST,LD,T,5A,0.5,5855,R
394405,EST,LD,T,FW3,1.5,19425,C
407838,EST,LD,T,C4DM,0.8,0,C
409959,EST,LD,T,C4GM,0.5,6200,C
415514,EST,LD,T,9B,6.5,50876,R
422988,EST,LD,T,GBMD,0.8,9302,C
425109,EST,LD,T,4K,2,27000,R
426422,EST,LD,T,4I,2,26000,R
433391,EST,LD,T,4M,1,18000,R
433492,EST,LD,T,9A,0.3,2961,R
433795,EST,LD,T,5A,0.5,5855,R
440966,EST,LD,T,FW3,1.5,19425,C
447430,EST,LD,T,C4DM,0.8,0,C
448440,EST,LD,T,C4GM,0.5,6200,C
450864,EST,LD,T,9B,6.5,50876,R
453086,EST,LD,T,GBMD,0.8,9302,C
457429,EST,LD,T,4K,2,27000,R
459146,EST,LD,T,4I,2,26000,R
463994,EST,LD,T,4M,1,18000,R
476114,EST,LD,T,9A,0.3,2961,R
476619,EST,LD,T,5A,0.5,5855,R
478033,EST,LD,T,FW3,1.5,19425,C
479043,EST,LD,T,C4DM,0.8,0,C
479144,EST,LD,T,9A,0.3,2961,R
480760,EST,LD,T,5A,0.5,5855,R
484800,EST,LD,T,FW3,1.5,19425,C
485002,EST,LD,T,C4DM,0.8,0,C
485103,EST,LD,T,C4GM,0.5,6200,C
488436,EST,LD,T,9B,6.5,50876,R
495506,EST,LD,T,GBMD,0.8,9302,C
496112,EST,LD,T,4K,2,27000,R
496213,EST,LD,T,4I,2,26000,R
496314,EST,LD,T,4M,1,18000,R
499748,EST,LD,T,9A,0.3,2961,R
500354,EST,LD,T,5A,0.5,5855,R
503889,EST,LD,T,FW3,1.5,19425,C
510151,EST,LD,T,C4DM,0.8,0,C
514595,EST,LD,T,C4GM,0.5,6200,C
518332,EST,LD,T,9B,6.5,50876,R
519241,EST,LD,T,GBMD,0.8,9302,C
519835,EST,LD,T,4K,2,27000,R
519746,EST,LD,T,4I,2,26000,R
519847,EST,LD,T,4M,1,18000,R
522877,EST,LD,T,9A,0.3,2961,R
524291,EST,LD,T,5A,0.5,5855,R
524897,EST,LD,T,FW3,1.5,19425,C
525806,EST,LD,T,C4DM,0.8,0,C
526109,EST,LD,T,C4GM,0.5,6200,C
526311,EST,LD,T,9B,6.5,50876,R
526412,EST,LD,T,GBMD,0.8,9302,C
528533,EST,LD,T,4K,2,27000,R
529846,EST,LD,T,4I,2,26000,R
530048,EST,LD,T,4M,1,18000,R
531159,EST,LD,T,9A,0.3,2961,R
531664,EST,LD,T,5A,0.5,5855,R
531967,EST,LD,T,FW3,1.5,19425,C
537724,EST,LD,T,C4DM,0.8,0,C
537825,EST,LD,T,C4GM,0.5,6200,C
538128,EST,LD,T,9B,6.5,50876,R
538633,EST,LD,T,9A,0.3,2961,R
538835,EST,LD,T,5A,0.5,5855,R
539239,EST,LD,T,FW3,1.5,19425,C
539340,EST,LD,T,C4DM,0.8,0,C
539441,EST,LD,T,C4GM,0.5,6200,C
539643,EST,LD,T,9B,6.5,50876,R
540047,EST,LD,T,GBMD,0.8,9302,C
547824,EST,LD,T,4K,2,27000,R
559237,EST,LD,T,4I,2,26000,R
563075,EST,LD,T,4M,1,18000,R
563277,EST,LD,T,9A,0.3,2961,R
563378,EST,LD,T,5A,0.5,5855,R
563479,EST,LD,T,FW3,1.5,19425,C
568327,EST,LD,T,C4DM,0.8,0,C
571458,EST,LD,T,C4GM,0.5,6200,C
577316,EST,LD,T,9B,6.5,50876,R
1013737,EST,LD,T,GBMD,0.8,9302,C
2020707,EST,LD,T,4K,2,27000,R
2020808,EST,LD,T,4I,2,26000,R
2020909,EST,LD,T,4M,1,18000,R
2021010,EST,LD,T,9A,0.3,2961,R
1086356,EST,LD,T,5A,0.5,5855,R
1086457,EST,LD,T,FW3,1.5,19425,C
1086861,EST,LD,T,C4DM,0.8,0,C
1086962,EST,LD,T,C4GM,0.5,6200,C
1087164,EST,LD,T,9B,6.5,50876,R
1087265,EST,LD,T,GBMD,0.8,9302,C
1087366,EST,LD,T,4K,2,27000,R
1087467,EST,LD,T,4I,2,26000,R
1087568,EST,LD,T,4M,1,18000,R
820827,EST,LD,T,9A,0.3,2961,R
823958,EST,LD,T,5A,0.5,5855,R
822746,EST,LD,T,FW3,1.5,19425,C
822039,EST,LD,T,C4DM,0.8,0,C
826382,EST,LD,T,C4GM,0.5,6200,C
811838,EST,LD,T,9A,0.3,2961,R
580245,EST,LD,T,5A,0.5,5855,R
580447,EST,LD,T,FW3,1.5,19425,C
587113,EST,LD,T,C4DM,0.8,0,C
587315,EST,LD,T,C4GM,0.5,6200,C
588123,EST,LD,T,9B,6.5,50876,R
580043,EST,LD,T,9A,0.3,2961,R
580548,EST,LD,T,5A,0.5,5855,R
577619,EST,LD,T,FW3,1.5,19425,C
580649,EST,LD,T,C4DM,0.8,0,C
581053,EST,LD,T,C4GM,0.5,6200,C
581659,EST,LD,T,9B,6.5,50876,R
582467,EST,LD,T,GBMD,0.8,9302,C
585093,EST,LD,T,4K,2,27000,R
588426,EST,LD,T,4I,2,26000,R
590547,EST,LD,T,4M,1,18000,R
577922,EST,LD,T,C4GM,0.5,6200,C
581558,EST,LD,T,9B,6.5,50876,R
582871,EST,LD,T,9A,0.3,2961,R
583578,EST,LD,T,5A,0.5,5855,R
585396,EST,LD,T,FW3,1.5,19425,C
586305,EST,LD,T,C4DM,0.8,0,C
584689,EST,LD,T,C4GM,0.5,6200,C
583477,EST,LD,T,9B,6.5,50876,R
586608,EST,LD,T,GBMD,0.8,9302,C
590244,EST,LD,T,4K,2,27000,R
590345,EST,LD,T,4I,2,26000,R
1083326,EST,LD,T,4M,1,18000,R
577720,EST,LD,T,9B,6.5,50876,R
578124,EST,LD,T,GBMD,0.8,9302,C
578225,EST,LD,T,4K,2,27000,R
578528,EST,LD,T,4I,2,26000,R
581255,EST,LD,T,4M,1,18000,R
808000,EST,LD,T,9A,0.3,2961,R
808303,EST,LD,T,9A,0.3,2961,R
808909,EST,LD,T,5A,0.5,5855,R
814363,EST,LD,T,FW3,1.5,19425,C
580952,EST,LD,T,C4DM,0.8,0,C
815171,EST,LD,T,C4GM,0.5,6200,C
817797,EST,LD,T,9B,6.5,50876,R
827291,EST,LD,T,GBMD,0.8,9302,C
811434,EST,LD,T,4K,2,27000,R
577821,EST,LD,T,4I,2,26000,R
579740,EST,LD,T,4M,1,18000,R
808505,EST,LD,T,9A,0.3,2961,R
808707,EST,LD,T,5A,0.5,5855,R
815272,EST,LD,T,FW3,1.5,19425,C
818403,EST,LD,T,C4DM,0.8,0,C
821938,EST,LD,T,C4GM,0.5,6200,C
822847,EST,LD,T,9B,6.5,50876,R
823453,EST,LD,T,GBMD,0.8,9302,C
825372,EST,LD,T,4K,2,27000,R
825473,EST,LD,T,4I,2,26000,R
827392,EST,LD,T,4M,1,18000,R
827493,EST,LD,T,9A,0.3,2961,R
827594,EST,LD,T,5A,0.5,5855,R
1035856,EST,LD,T,FW3,1.5,19425,C
1076761,EST,LD,T,C4DM,0.8,0,C
1076862,EST,LD,T,C4GM,0.5,6200,C
1076963,EST,LD,T,9B,6.5,50876,R
1077064,EST,LD,T,9A,0.3,2961,R
1077165,EST,LD,T,5A,0.5,5855,R
1077266,EST,LD,T,FW3,1.5,19425,C
1077367,EST,LD,T,C4DM,0.8,0,C
1077468,EST,LD,T,C4GM,0.5,6200,C
1077569,EST,LD,T,9B,6.5,50876,R
1077670,EST,LD,T,GBMD,0.8,9302,C
1077771,EST,LD,T,4K,2,27000,R
1077872,EST,LD,T,4I,2,26000,R
1077973,EST,LD,T,4M,1,18000,R
1078074,EST,LD,T,9A,0.3,2961,R
1078175,EST,LD,T,5A,0.5,5855,R
1078276,EST,LD,T,FW3,1.5,19425,C
1078377,EST,LD,T,C4DM,0.8,0,C
1078478,EST,LD,T,C4GM,0.5,6200,C
1078579,EST,LD,T,9B,6.5,50876,R
1078680,EST,LD,T,GBMD,0.8,9302,C
1078781,EST,LD,T,9A,0.3,2961,R
1078882,EST,LD,T,5A,0.5,5855,R
1079084,EST,LD,T,FW3,1.5,19425,C
1079286,EST,LD,T,C4DM,0.8,0,C
1083427,EST,LD,T,C4GM,0.5,6200,C
1084134,EST,LD,T,9B,6.5,50876,R
1084235,EST,LD,T,GBMD,0.8,9302,C
1084336,EST,LD,T,4K,2,27000,R
1084437,EST,LD,T,4I,2,26000,R
1084538,EST,LD,T,4M,1,18000,R
1084639,EST,LD,T,7,7,25417,R
1084740,EST,LD,T,4A,3,17631,R
1084841,EST,LD,T,FAC,0.8,9653,R
1084942,EST,LD,T,C4AV,2,26000,C
1085043,EST,LD,T,C4CV,1.5,19425,C
1085144,EST,LD,T,7BVP,1,13500,C
1085346,EST,LD,T,C4EV,1,13500,C
707505,EST,LD,T,C4EM,1.5,19425,C
709929,EST,LD,T,C4FM,0.8,12500,C
579033,EST,LD,T,CMDG,2,26000,C
579134,EST,LD,T,COTH,0.8,9302,C
116756,EST,LD,T,C4KV,2,27000,C
117968,EST,LD,T,7,7,25417,R
120190,EST,LD,T,4A,3,17631,R
121806,EST,LD,T,FAC,0.8,9653,R
122614,EST,LD,T,C4AV,2,26000,C
122917,EST,LD,T,C4CV,1.5,19425,C
123321,EST,LD,T,7BVP,1,13500,C
123523,EST,LD,T,C4EV,1,13500,C
123624,EST,LD,T,C4EM,1.5,19425,C
123725,EST,LD,T,C4FM,0.8,12500,C
123927,EST,LD,T,CMDG,2,26000,C
1040906,EST,LD,T,7,7,25417,R
1045754,EST,LD,T,4A,3,17631,R
1045855,EST,LD,T,FAC,0.8,9653,R
1045956,EST,LD,T,C4AV,2,26000,C
1046057,EST,LD,T,C4CV,1.5,19425,C
1046158,EST,LD,T,7BVP,1,13500,C
1046259,EST,LD,T,C4EV,1,13500,C
1046360,EST,LD,T,C4EM,1.5,19425,C
1046461,EST,LD,T,C4FM,0.8,12500,C
1046562,EST,LD,T,CMDG,2,26000,C
1046663,EST,LD,T,COTH,0.8,9302,C
1046764,EST,LD,T,7,7,25417,R
1046865,EST,LD,T,4A,3,17631,R
1047572,EST,LD,T,FAC,0.8,9653,R
1049390,EST,LD,T,C4AV,2,26000,C
1049491,EST,LD,T,C4CV,1.5,19425,C
1049592,EST,LD,T,7BVP,1,13500,C
1049794,EST,LD,T,C4EV,1,13500,C
1051208,EST,LD,T,C4EM,1.5,19425,C
1051511,EST,LD,T,C4FM,0.8,12500,C
1051814,EST,LD,T,CMDG,2,26000,C
1051915,EST,LD,T,COTH,0.8,9302,C
1052218,EST,LD,T,C4KV,2,27000,C
214322,EST,MD,T,GM10,1.5,19425,C
284719,EST,MD,T,GM11,2,26000,C
300172,EST,MD,T,GM12,3,26000,C
350672,EST,MD,T,7,7,25417,R
362792,EST,MD,T,4A,3,17631,R
387436,EST,MD,T,FAC,0.8,9653,R
389860,EST,MD,T,C4AV,2,26000,C
390466,EST,MD,T,C4CV,1.5,19425,C
390971,EST,MD,T,7BVP,1,13500,C
391476,EST,MD,T,C4EV,1,13500,C
391880,EST,MD,T,C4EM,1.5,19425,C
391981,EST,MD,T,C4FM,0.8,12500,C
392486,EST,MD,T,CMDG,2,26000,C
392587,EST,MD,T,COTH,0.8,9302,C
411171,EST,MD,T,C4KV,2,27000,C
411272,EST,MD,T,GM10,1.5,19425,C
414504,EST,MD,T,GM11,2,26000,C
416322,EST,MD,T,GM12,3,26000,C
416423,EST,MD,T,4E,0.5,6500,R
416625,EST,MD,T,C4,0.8,9302,C
416827,EST,MD,T,7,7,25417,R
417332,EST,MD,T,4A,3,17631,R
425412,EST,MD,T,FAC,0.8,9653,R
431371,EST,MD,T,C4AV,2,26000,C
435613,EST,MD,T,C4CV,1.5,19425,C
438239,EST,MD,T,7BVP,1,13500,C
439552,EST,MD,T,C4EV,1,13500,C
440865,EST,MD,T,C4EM,1.5,19425,C
441471,EST,MD,T,7,7,25417,R
441774,EST,MD,T,4A,3,17631,R
441875,EST,MD,T,FAC,0.8,9653,R
444501,EST,MD,T,C4AV,2,26000,C
449349,EST,MD,T,C4CV,1.5,19425,C
449551,EST,MD,T,7BVP,1,13500,C
450258,EST,MD,T,C4EV,1,13500,C
451773,EST,MD,T,C4EM,1.5,19425,C
452985,EST,MD,T,C4FM,0.8,12500,C
453894,EST,MD,T,CMDG,2,26000,C
454399,EST,MD,T,COTH,0.8,9302,C
457833,EST,MD,T,C4KV,2,27000,C
458742,EST,MD,T,GM10,1.5,19425,C
458944,EST,MD,T,GM11,2,26000,C
459045,EST,MD,T,GM12,3,26000,C
460863,EST,MD,T,4E,0.5,6500,R
461772,EST,MD,T,C4,0.8,9302,C
461974,EST,MD,T,C4FM,0.8,12500,C
462277,EST,MD,T,CMDG,2,26000,C
462378,EST,MD,T,COTH,0.8,9302,C
462984,EST,MD,T,C4KV,2,27000,C
463287,EST,MD,T,GM10,1.5,19425,C
463792,EST,MD,T,GM11,2,26000,C
464095,EST,MD,T,7,7,25417,R
464903,EST,MD,T,4A,3,17631,R
465509,EST,MD,T,FAC,0.8,9653,R
465812,EST,MD,T,C4AV,2,26000,C
466317,EST,MD,T,C4CV,1.5,19425,C
466822,EST,MD,T,7BVP,1,13500,C
482679,EST,MD,T,C4EV,1,13500,C
483184,EST,MD,T,C4EM,1.5,19425,C
486921,EST,MD,T,C4FM,0.8,12500,C
494193,EST,MD,T,CMDG,2,26000,C
495001,EST,MD,T,COTH,0.8,9302,C
496415,EST,MD,T,C4KV,2,27000,C
502576,EST,MD,T,GM10,1.5,19425,C
508333,EST,MD,T,GM11,2,26000,C
508737,EST,MD,T,GM12,3,26000,C
509343,EST,MD,T,4E,0.5,6500,R
509646,EST,MD,T,C4,0.8,9302,C
509747,EST,MD,T,7,7,25417,R
509848,EST,MD,T,4A,3,17631,R
512272,EST,MD,T,FAC,0.8,9653,R
513181,EST,MD,T,C4AV,2,26000,C
513383,EST,MD,T,C4CV,1.5,19425,C
513787,EST,MD,T,7BVP,1,13500,C
514090,EST,MD,T,C4EV,1,13500,C
514292,EST,MD,T,C4EM,1.5,19425,C
515605,EST,MD,T,7,7,25417,R
516211,EST,MD,T,4A,3,17631,R
516817,EST,MD,T,FAC,0.8,9653,R
517524,EST,MD,T,C4AV,2,26000,C
522372,EST,MD,T,C4CV,1.5,19425,C
523079,EST,MD,T,7BVP,1,13500,C
524089,EST,MD,T,C4EV,1,13500,C
526513,EST,MD,T,C4EM,1.5,19425,C
527220,EST,MD,T,C4FM,0.8,12500,C
527624,EST,MD,T,CMDG,2,26000,C
529240,EST,MD,T,COTH,0.8,9302,C
529442,EST,MD,T,C4KV,2,27000,C
529543,EST,MD,T,GM10,1.5,19425,C
532270,EST,MD,T,GM11,2,26000,C
532876,EST,MD,T,GM12,3,26000,C
532977,EST,MD,T,4E,0.5,6500,R
533179,EST,MD,T,C4,0.8,9302,C
533280,EST,MD,T,C4FM,0.8,12500,C
533482,EST,MD,T,CMDG,2,26000,C
533583,EST,MD,T,COTH,0.8,9302,C
533886,EST,MD,T,C4KV,2,27000,C
534088,EST,MD,T,GM10,1.5,19425,C
534290,EST,MD,T,GM11,2,26000,C
534391,EST,MD,T,GM12,3,26000,C
534694,EST,MD,T,4E,0.5,6500,R
534997,EST,MD,T,C4,0.8,9302,C
535805,EST,MD,T,C4FM,0.8,12500,C
536209,EST,MD,T,CMDG,2,26000,C
537017,EST,MD,T,C4EM,1.5,19425,C
550753,EST,MD,T,7,7,25417,R
551258,EST,MD,T,4A,3,17631,R
552066,EST,MD,T,FAC,0.8,9653,R
552874,EST,MD,T,C4AV,2,26000,C
555197,EST,MD,T,C4CV,1.5,19425,C
558833,EST,MD,T,7BVP,1,13500,C
559338,EST,MD,T,C4EV,1,13500,C
561661,EST,MD,T,C4EM,1.5,19425,C
561762,EST,MD,T,C4FM,0.8,12500,C
566408,EST,MD,T,CMDG,2,26000,C
566610,EST,MD,T,COTH,0.8,9302,C
567216,EST,MD,T,C4KV,2,27000,C
567519,EST,MD,T,GM10,1.5,19425,C
567620,EST,MD,T,GM11,2,26000,C
569034,EST,MD,T,GM12,3,26000,C
569135,EST,MD,T,4E,0.5,6500,R
571256,EST,MD,T,C4,0.8,9302,C
572165,EST,MD,T,C4FM,0.8,12500,C
572367,EST,MD,T,CMDG,2,26000,C
572468,EST,MD,T,COTH,0.8,9302,C
572670,EST,MD,T,C4KV,2,27000,C
572771,EST,MD,T,GM10,1.5,19425,C
572872,EST,MD,T,GM11,2,26000,C
573276,EST,MD,T,GM12,3,26000,C
573478,EST,MD,T,4E,0.5,6500,R
573579,EST,MD,T,C4,0.8,9302,C
573680,EST,MD,T,C4FM,0.8,12500,C
574185,EST,MD,T,GM10,1.5,19425,C
574387,EST,MD,T,GM11,2,26000,C
2021111,EST,MD,T,C4FM,0.8,12500,C
2021313,EST,MD,T,CMDG,2,26000,C
1052319,EST,MD,T,COTH,0.8,9302,C
1052420,EST,MD,T,C4KV,2,27000,C
1052521,EST,MD,T,GM10,1.5,19425,C
1052622,EST,MD,T,GM11,2,26000,C
1055652,EST,MD,T,GM12,3,26000,C
1056258,EST,MD,T,4E,0.5,6500,R
1056359,EST,MD,T,C4,0.8,9302,C
1056460,EST,MD,T,C4FM,0.8,12500,C
1056561,EST,MD,T,CMDG,2,26000,C
1059187,EST,MD,T,COTH,0.8,9302,C
1059288,EST,MD,T,C4KV,2,27000,C
1059389,EST,MD,T,GM10,1.5,19425,C
1059490,EST,MD,T,GM11,2,26000,C
1059692,EST,MD,T,GM12,3,26000,C
1059995,EST,MD,T,4E,0.5,6500,R
1060197,EST,MD,T,CMDG,2,26000,C
1060298,EST,MD,T,COTH,0.8,9302,C
578326,EST,MD,T,C4KV,2,27000,C
707404,EST,MD,T,GM10,1.5,19425,C
707606,EST,MD,T,GM11,2,26000,C
707707,EST,MD,T,GM12,3,26000,C
707808,EST,MD,T,4E,0.5,6500,R
708010,EST,MD,T,CMDG,2,26000,C
708111,EST,MD,T,COTH,0.8,9302,C
708212,EST,MD,T,C4KV,2,27000,C
708515,EST,MD,T,GM10,1.5,19425,C
708616,EST,MD,T,GM11,2,26000,C
708717,EST,MD,T,GM12,3,26000,C
708818,EST,MD,T,4E,0.5,6500,R
1047471,EST,MD,T,CMDG,2,26000,C
1047673,EST,MD,T,COTH,0.8,9302,C
1047774,EST,MD,T,C4KV,2,27000,C
1047875,EST,MD,T,GM10,1.5,19425,C
1047976,EST,MD,T,GM11,2,26000,C
1052723,EST,MD,T,GM12,3,26000,C
1052824,EST,MD,T,4E,0.5,6500,R
1052925,EST,MD,T,C4FM,0.8,12500,C
1053026,EST,MD,T,GM10,1.5,19425,C
1053127,EST,MD,T,GM11,2,26000,C
1055450,EST,MD,T,GM12,3,26000,C
1055551,EST,MD,T,4E,0.5,6500,R
1056056,EST,MD,T,C4,0.8,9302,C
1056157,EST,MD,T,C4FM,0.8,12500,C
219978,EST,MD,T,CMDG,2,26000,C
215736,EST,MD,T,COTH,0.8,9302,C
219675,EST,MD,T,C4KV,2,27000,C
219776,EST,MD,T,GM10,1.5,19425,C
820625,EST,MD,T,GM11,2,26000,C
814767,EST,MD,T,GM12,3,26000,C
82012,EST,MD,T,4E,0.5,6500,R
498132,EST,MD,T,C4,0.8,9302,C
809515,EST,MD,T,C4FM,0.8,12500,C
811333,EST,MD,T,CMDG,2,26000,C
814060,EST,MD,T,COTH,0.8,9302,C
815373,EST,MD,T,C4KV,2,27000,C
816181,EST,MD,T,GM10,1.5,19425,C
816989,EST,MD,T,GM11,2,26000,C
817090,EST,MD,T,GM12,3,26000,C
818908,EST,MD,T,4E,0.5,6500,R
819211,EST,MD,T,CMDG,2,26000,C
819413,EST,MD,T,COTH,0.8,9302,C
819805,EST,MD,T,C4KV,2,27000,C
819918,EST,MD,T,GM10,1.5,19425,C
820221,EST,MD,T,GM11,2,26000,C
820322,EST,MD,T,GM12,3,26000,C
820524,EST,MD,T,4E,0.5,6500,R
820726,EST,MD,T,CMDG,2,26000,C
821029,EST,MD,T,COTH,0.8,9302,C
821231,EST,MD,T,C4KV,2,27000,C
821332,EST,MD,T,C4FM,0.8,12500,C
821433,EST,MD,T,GM10,1.5,19425,C
821534,EST,MD,T,GM11,2,26000,C
821635,EST,MD,T,GM12,3,26000,C
821837,EST,MD,T,4E,0.5,6500,R
1048077,EST,MD,T,C4,0.8,9302,C
1048279,EST,MD,T,C4FM,0.8,12500,C
1048481,EST,MD,T,CMDG,2,26000,C
1048582,EST,MD,T,COTH,0.8,9302,C
1048683,EST,MD,T,C4KV,2,27000,C
1048784,EST,MD,T,GM10,1.5,19425,C
1048885,EST,MD,T,GM11,2,26000,C
1048986,EST,MD,T,GM12,3,26000,C
1049087,EST,MD,T,4E,0.5,6500,R
1049188,EST,MD,T,C4,0.8,9302,C
1050097,EST,MD,T,C4FM,0.8,12500,C
1050501,EST,MD,T,CMDG,2,26000,C
1050602,EST,MD,T,COTH,0.8,9302,C
1050804,EST,MD,T,C4KV,2,27000,C
1056763,EST,MD,T,GM10,1.5,19425,C
6065151,EST,MD,T,GM11,2,26000,C
6065252,EST,MD,T,GM12,3,26000,C
582669,EST,MD,T,4E,0.5,6500,R
586507,EST,MD,T,CMDG,2,26000,C
587517,EST,MD,T,COTH,0.8,9302,C
1045451,EST,MD,T,C4KV,2,27000,C
1045552,EST,MD,T,GM10,1.5,19425,C
1053228,EST,MD,T,GM11,2,26000,C
1053329,EST,MD,T,GM12,3,26000,C
1053531,EST,MD,T,4E,0.5,6500,R
1053733,EST,MD,T,CMDG,2,26000,C
1053834,EST,MD,T,COTH,0.8,9302,C
1053935,EST,MD,T,C4KV,2,27000,C
1054036,EST,MD,T,GM10,1.5,19425,C
1055349,EST,MD,T,GM11,2,26000,C
816888,EST,MD,T,GM12,3,26000,C
208565,EST,MD,T,4E,0.5,6500,R
211292,EST,MD,T,CMDG,2,26000,C
215029,EST,MD,T,COTH,0.8,9302,C
216342,EST,MD,T,C4KV,2,27000,C
217352,EST,MD,T,GM10,1.5,19425,C
218160,EST,MD,T,GM11,2,26000,C
220079,EST,MD,T,GM12,3,26000,C
1047168,EST,MD,T,4E,0.5,6500,R
1047269,EST,MD,T,C4FM,0.8,12500,C
1047370,EST,MD,T,GM10,1.5,19425,C
1049895,EST,MD,T,GM11,2,26000,C
1051309,EST,MD,T,GM12,3,26000,C
1054137,EST,MD,T,4E,0.5,6500,R
1054339,EST,MD,T,C4,0.8,9302,C
1054440,EST,MD,T,C4FM,0.8,12500,C
1054541,EST,MD,T,CMDG,2,26000,C
1054642,EST,MD,T,COTH,0.8,9302,C
1054743,EST,MD,T,C4KV,2,27000,C
1054844,EST,MD,T,GM10,1.5,19425,C
1054945,EST,MD,T,GM11,2,26000,C
1055046,EST,MD,T,GM12,3,26000,C
1055147,EST,MD,T,4E,0.5,6500,R
1055248,EST,MD,T,C4,0.8,9302,C
1055753,EST,MD,T,C4FM,0.8,12500,C
1055854,EST,MD,T,CMDG,2,26000,C
1055955,EST,MD,T,COTH,0.8,9302,C
1056662,EST,MD,T,C4KV,2,27000,C
710232,EST,MD,T,GM10,1.5,19425,C
710434,EST,MD,T,GM11,2,26000,C
709828,EST,MD,T,GM12,3,26000,C
710131,EST,MD,T,4E,0.5,6500,R
710333,EST,MD,T,CMDG,2,26000,C
709020,EST,MD,T,COTH,0.8,9302,C
709121,EST,MD,T,C4KV,2,27000,C
710030,EST,MD,T,GM10,1.5,19425,C
1083225,EST,MD,T,GM11,2,26000,C
1088477,EST,MD,T,GM12,3,26000,C
1088578,EST,MD,T,4E,0.5,6500,R
1060500,EST,MD,T,CMDG,2,26000,C
1060601,EST,MD,T,COTH,0.8,9302,C
1060702,EST,MD,T,C4KV,2,27000,C
1060803,EST,MD,T,GM10,1.5,19425,C
1060904,EST,MD,T,GM11,2,26000,C
1061005,EST,MD,T,GM12,3,26000,C
1071206,EST,MD,T,4E,0.5,6500,R
124129,EST,MD,T,CMDG,2,26000,C
124230,EST,MD,T,COTH,0.8,9302,C
1071408,EST,MD,T,C4KV,2,27000,C
1071509,EST,MD,T,GM10,1.5,19425,C
1071610,EST,MD,T,GM11,2,26000,C
1074741,EST,MD,T,GM12,3,26000,C
1074842,EST,MD,T,4E,0.5,6500,R
1074943,EST,MD,T,C4FM,0.8,12500,C
1075044,EST,MD,T,GM10,1.5,19425,C
1071812,EST,MD,T,GM11,2,26000,C
823554,EST,MD,T,GM12,3,26000,C
822140,EST,MD,T,4E,0.5,6500,R
823352,EST,MD,T,C4,0.8,9302,C
824665,EST,MD,T,C4FM,0.8,12500,C
823049,EST,MD,T,CMDG,2,26000,C
826988,EST,MD,T,COTH,0.8,9302,C
827089,EST,MD,T,C4KV,2,27000,C
825877,EST,MD,T,GM10,1.5,19425,C
825776,EST,MD,T,GM11,2,26000,C
822645,EST,MD,T,GM12,3,26000,C
823251,EST,MD,T,4E,0.5,6500,R
823655,EST,MD,T,C4,0.8,9302,C
823857,EST,MD,T,C4FM,0.8,12500,C
824261,EST,MD,T,CMDG,2,26000,C
824564,EST,MD,T,COTH,0.8,9302,C
825069,EST,MD,T,C4KV,2,27000,C
825271,EST,MD,T,GM10,1.5,19425,C
825574,EST,MD,T,GM11,2,26000,C
825675,EST,MD,T,GM12,3,26000,C
825978,EST,MD,T,4E,0.5,6500,R
826584,EST,MD,T,CMDG,2,26000,C
826685,EST,MD,T,COTH,0.8,9302,C
826786,EST,MD,T,C4KV,2,27000,C
828099,EST,MD,T,GM10,1.5,19425,C
124836,EST,MD,T,GM11,2,26000,C
710535,EST,MD,T,GM12,3,26000,C
710636,EST,MD,T,4E,0.5,6500,R
710737,EST,MD,T,CMDG,2,26000,C
710838,EST,MD,T,COTH,0.8,9302,C
710939,EST,MD,T,C4KV,2,27000,C
711040,EST,MD,T,GM10,1.5,19425,C
711141,EST,MD,T,GM11,2,26000,C
711242,EST,MD,T,GM12,3,26000,C
711444,EST,MD,T,C4FM,0.8,12500,C
1093830,EST,MD,T,GM10,1.5,19425,C
1099991,EST,MD,T,GM11,2,26000,C
1098880,EST,MD,T,GM12,3,26000,C
1104738,EST,MD,T,4E,0.5,6500,R
1104839,EST,MD,T,C4,0.8,9302,C
1104940,EST,MD,T,C4FM,0.8,12500,C
1105041,EST,MD,T,CMDG,2,26000,C
1105142,EST,MD,T,COTH,0.8,9302,C
1105243,EST,MD,T,C4KV,2,27000,C
1105344,EST,MD,T,GM10,1.5,19425,C
1105445,EST,MD,T,GM11,2,26000,C
1105546,EST,MD,T,GM12,3,26000,C
1105647,EST,MD,T,4E,0.5,6500,R
1105748,EST,MD,T,C4,0.8,9302,C
1106051,EST,MD,T,C4FM,0.8,12500,C
1106152,EST,MD,T,CMDG,2,26000,C
1106253,EST,MD,T,COTH,0.8,9302,C
1106354,EST,MD,T,C4KV,2,27000,C
1106455,EST,MD,T,GM10,1.5,19425,C
827796,EST,MD,T,GM11,2,26000,C
827897,EST,MD,T,GM12,3,26000,C
827998,EST,MD,T,4E,0.5,6500,R
828200,EST,MD,T,CMDG,2,26000,C
828402,EST,MD,T,COTH,0.8,9302,C
828503,EST,MD,T,C4KV,2,27000,C
828604,EST,MD,T,GM10,1.5,19425,C
828705,EST,MD,T,GM11,2,26000,C
828806,EST,MD,T,GM12,3,26000,C
828907,EST,MD,T,4E,0.5,6500,R
829008,EST,MD,T,CMDG,2,26000,C
1091103,EST,MD,T,COTH,0.8,9302,C
1093426,EST,MD,T,C4KV,2,27000,C
1093931,EST,MD,T,GM10,1.5,19425,C
1098274,EST,MD,T,GM11,2,26000,C
1098375,EST,MD,T,GM12,3,26000,C
1098476,EST,MD,T,4E,0.5,6500,R
1098678,EST,MD,T,CMDG,2,26000,C
1098779,EST,MD,T,COTH,0.8,9302,C
1098981,EST,MD,T,C4KV,2,27000,C
124937,EST,MD,T,GM10,1.5,19425,C
125038,EST,MD,T,GM11,2,26000,C
125139,EST,MD,T,GM12,3,26000,C
125240,EST,MD,T,4E,0.5,6500,R
73730,EST,ST,T,8,2,23225,R
79083,EST,ST,T,FW2,0.8,9257,C
79184,EST,ST,T,5B,1,3882,R
79386,EST,ST,T,C4CM,1,4500,C
79588,EST,ST,T,C4HM,3,29000,C
85042,EST,ST,T,8A,1.5,19425,R
86254,EST,ST,T,5B,1,3882,R
91304,EST,ST,T,C4JM,1,18000,C
97970,EST,ST,T,FW2,0.8,9257,C
99788,EST,ST,T,4AVP,1.8,24000,R
101707,EST,ST,T,8,2,23225,R
101808,EST,ST,T,FW2,0.8,9257,C
102212,EST,ST,T,5B,1,3882,R
102313,EST,ST,T,C4CM,1,4500,C
103828,EST,ST,T,C4IV,3,40500,C
104333,EST,ST,T,4AVP,1.8,24000,R
104535,EST,ST,T,C4JM,1,18000,C
105848,EST,ST,T,C4FV,0.8,13500,C
105949,EST,ST,T,11,8,54000,R
106656,EST,ST,T,C4LV,2,27000,C
107060,EST,ST,T,11,8,54000,R
107262,EST,ST,T,8A,1.5,19425,R
107363,EST,ST,T,8,2,23225,R
107767,EST,ST,T,5B,1,3882,R
108070,EST,ST,T,8A,1.5,19425,R
108171,EST,ST,T,8,2,23225,R
108979,EST,ST,T,5B,1,3882,R
109181,EST,ST,T,C4CM,1,4500,C
109282,EST,ST,T,C7BV,1,13500,C
109383,EST,ST,T,C4HM,3,29000,C
109787,EST,ST,T,C4IV,3,40500,C
110090,EST,ST,T,8,2,23225,R
110393,EST,ST,T,FW2,0.8,9257,C
116352,EST,ST,T,4AVP,1.8,24000,R
116857,EST,ST,T,C4JM,1,18000,C
117160,EST,ST,T,4AV,1.8,21000,R
117261,EST,ST,T,C4LV,2,27000,C
117362,EST,ST,T,C4FV,0.8,13500,C
117766,EST,ST,T,11,8,54000,R
118574,EST,ST,T,131,1,13500,R
118675,EST,ST,T,8A,1.5,19425,R
118877,EST,ST,T,8,2,23225,R
118978,EST,ST,T,FW2,0.8,9257,C
119281,EST,ST,T,5B,1,3882,R
119382,EST,ST,T,C4CM,1,4500,C
119483,EST,ST,T,C7BV,1,13500,C
119685,EST,ST,T,C4HM,3,29000,C
119887,EST,ST,T,C4IV,3,40500,C
120089,EST,ST,T,4AVP,1.8,24000,R
120291,EST,ST,T,8A,1.5,19425,R
120392,EST,ST,T,8,2,23225,R
120594,EST,ST,T,FW2,0.8,9257,C
120695,EST,ST,T,5B,1,3882,R
120796,EST,ST,T,C4CM,1,4500,C
120897,EST,ST,T,C7BV,1,13500,C
121099,EST,ST,T,C4HM,3,29000,C
204929,EST,ST,T,C4IV,3,40500,C
205131,EST,ST,T,4AVP,1.8,24000,R
205232,EST,ST,T,C4JM,1,18000,C
505101,EST,ST,T,4AV,1.8,21000,R
505202,EST,ST,T,C4LV,2,27000,C
505505,EST,ST,T,C4FV,0.8,13500,C
505606,EST,ST,T,11,8,54000,R
505707,EST,ST,T,8A,1.5,19425,R
125341,EST,ST,T,8,2,23225,R
125442,EST,ST,T,FW2,0.8,9257,C
125543,EST,ST,T,5B,1,3882,R
125644,EST,ST,T,C4CM,1,4500,C
125745,EST,ST,T,C7BV,1,13500,C
125846,EST,ST,T,C4HM,3,29000,C
590749,EST,ST,T,C4IV,3,40500,C
590850,EST,ST,T,4AVP,1.8,24000,R
590951,EST,ST,T,8A,1.5,19425,R
591052,EST,ST,T,8,2,23225,R
591153,EST,ST,T,FW2,0.8,9257,C
591254,EST,ST,T,5B,1,3882,R
591355,EST,ST,T,C4CM,1,4500,C
591456,EST,ST,T,C7BV,1,13500,C
591557,EST,ST,T,C4HM,3,29000,C
591658,EST,ST,T,C4IV,3,40500,C
220988,EST,ST,T,4AVP,1.8,24000,R
221089,EST,ST,T,C4JM,1,18000,C
221190,EST,ST,T,4AV,1.8,21000,R
221291,EST,ST,T,C4LV,2,27000,C
221392,EST,ST,T,C4FV,0.8,13500,C
221493,EST,ST,T,11,8,54000,R
221594,EST,ST,T,131,1,13500,R
1075549,EST,ST,T,8A,1.5,19425,R
1076155,EST,ST,T,8A,1.5,19425,R
1092719,EST,ST,T,8,2,23225,R
1103425,EST,ST,T,FW2,0.8,9257,C
1099082,EST,ST,T,5B,1,3882,R
1099284,EST,ST,T,C4CM,1,4500,C
1088174,EST,ST,T,C7BV,1,13500,C
1092618,EST,ST,T,C4HM,3,29000,C
1093022,EST,ST,T,C4IV,3,40500,C
1089487,EST,ST,T,4AVP,1.8,24000,R
1089588,EST,ST,T,8A,1.5,19425,R
1089790,EST,ST,T,8,2,23225,R
1089891,EST,ST,T,FW2,0.8,9257,C
1089992,EST,ST,T,5B,1,3882,R
1090093,EST,ST,T,C4CM,1,4500,C
1090295,EST,ST,T,C7BV,1,13500,C
1090497,EST,ST,T,C4HM,3,29000,C
1090598,EST,ST,T,C4IV,3,40500,C
1092416,EST,ST,T,4AVP,1.8,24000,R
1093123,EST,ST,T,8A,1.5,19425,R
1092214,EST,ST,T,8,2,23225,R
1092517,EST,ST,T,FW2,0.8,9257,C
1093527,EST,ST,T,5B,1,3882,R
1093628,EST,ST,T,C4CM,1,4500,C
1092820,EST,ST,T,C7BV,1,13500,C
1093224,EST,ST,T,C4HM,3,29000,C
1093325,EST,ST,T,C4IV,3,40500,C
1076559,EST,ST,T,4AVP,1.8,24000,R
1076660,EST,ST,T,8A,1.5,19425,R
1103324,EST,ST,T,8,2,23225,R
74134,EST,ST,T,FW2,0.8,9257,C
708313,EST,ST,T,5B,1,3882,R
815575,EST,ST,T,C4CM,1,4500,C
118473,EST,ST,T,C7BV,1,13500,C
207252,EST,ST,T,C4HM,3,29000,C
209070,EST,ST,T,C4IV,3,40500,C
211090,EST,ST,T,4AVP,1.8,24000,R
211696,EST,ST,T,C4JM,1,18000,C
212403,EST,ST,T,4AV,1.8,21000,R
212908,EST,ST,T,C4LV,2,27000,C
217150,EST,ST,T,C4FV,0.8,13500,C
217756,EST,ST,T,11,8,54000,R
217958,EST,ST,T,131,1,13500,R
583073,EST,ST,T,8A,1.5,19425,R
583275,EST,ST,T,8,2,23225,R
586810,EST,ST,T,FW2,0.8,9257,C
587012,EST,ST,T,5B,1,3882,R
587719,EST,ST,T,C4CM,1,4500,C
588527,EST,ST,T,C7BV,1,13500,C
588729,EST,ST,T,C4HM,3,29000,C
590042,EST,ST,T,C4IV,3,40500,C
590143,EST,ST,T,4AVP,1.8,24000,R
810222,EST,ST,T,C4JM,1,18000,C
812040,EST,ST,T,8A,1.5,19425,R
814868,EST,ST,T,8,2,23225,R
815474,EST,ST,T,FW2,0.8,9257,C
816585,EST,ST,T,5B,1,3882,R
817292,EST,ST,T,C4CM,1,4500,C
817595,EST,ST,T,C7BV,1,13500,C
1073832,EST,ST,T,8A,1.5,19425,R
1088073,EST,ST,T,8,2,23225,R
1091204,EST,ST,T,FW2,0.8,9257,C
1091709,EST,ST,T,5B,1,3882,R
1091305,EST,ST,T,C4CM,1,4500,C
1091608,EST,ST,T,C7BV,1,13500,C
1091911,EST,ST,T,C4HM,3,29000,C
1091002,EST,ST,T,C4IV,3,40500,C
1091507,EST,ST,T,4AVP,1.8,24000,R
1090699,EST,ST,T,8A,1.5,19425,R
1090800,EST,ST,T,8,2,23225,R
1090901,EST,ST,T,FW2,0.8,9257,C
1091406,EST,ST,T,5B,1,3882,R
1092012,EST,ST,T,C4CM,1,4500,C
1078983,EST,ST,T,C7BV,1,13500,C
1092315,EST,ST,T,C4HM,3,29000,C
1098577,EST,ST,T,C4IV,3,40500,C
1099183,EST,ST,T,4AVP,1.8,24000,R
1099688,EST,ST,T,C4JM,1,18000,C
1100092,EST,ST,T,4AV,1.8,21000,R
1101102,EST,ST,T,C4LV,2,27000,C
1101607,EST,ST,T,C4FV,0.8,13500,C
1101708,EST,ST,T,11,8,54000,R
1102011,EST,ST,T,131,1,13500,R
1102516,EST,ST,T,8A,1.5,19425,R
1103223,EST,ST,T,8,2,23225,R
1099587,EST,ST,T,FW2,0.8,9257,C
1100496,EST,ST,T,5B,1,3882,R
1101001,EST,ST,T,C4CM,1,4500,C
1101506,EST,ST,T,C7BV,1,13500,C
1102415,EST,ST,T,C4HM,3,29000,C
1103122,EST,ST,T,C4IV,3,40500,C
1100193,EST,ST,T,4AVP,1.8,24000,R
1100698,EST,ST,T,C4JM,1,18000,C
1101203,EST,ST,T,4AV,1.8,21000,R
1102718,EST,ST,T,C4LV,2,27000,C
1102920,EST,ST,T,C4FV,0.8,13500,C
1099486,EST,ST,T,11,8,54000,R
1099890,EST,ST,T,131,1,13500,R
1100395,EST,ST,T,8A,1.5,19425,R
1100900,EST,ST,T,8,2,23225,R
1101405,EST,ST,T,FW2,0.8,9257,C
1101910,EST,ST,T,5B,1,3882,R
1102314,EST,ST,T,C4CM,1,4500,C
1102617,EST,ST,T,C7BV,1,13500,C
1102819,EST,ST,T,C4HM,3,29000,C
1103021,EST,ST,T,C4IV,3,40500,C
1099385,EST,ST,T,4AVP,1.8,24000,R
1099789,EST,ST,T,8A,1.5,19425,R
1100294,EST,ST,T,8,2,23225,R
1100799,EST,ST,T,FW2,0.8,9257,C
1101304,EST,ST,T,5B,1,3882,R
1101809,EST,ST,T,C4CM,1,4500,C
1102112,EST,ST,T,C7BV,1,13500,C
1102213,EST,ST,T,C4HM,3,29000,C
1100597,EST,ST,T,C4IV,3,40500,C
1079993,EST,ST,T,4AVP,1.8,24000,R
1098173,EST,ST,T,C4JM,1,18000,C
1083023,EST,ST,T,4AV,1.8,21000,R
435310,EST,ST,T,C4LV,2,27000,C
462681,EST,ST,T,C4FV,0.8,13500,C
462883,EST,ST,T,11,8,54000,R
463186,EST,ST,T,131,1,13500,R
465206,EST,ST,T,8A,1.5,19425,R
482780,EST,ST,T,8,2,23225,R
516514,EST,ST,T,FW2,0.8,9257,C
525907,EST,ST,T,5B,1,3882,R
1075145,EST,ST,T,C4CM,1,4500,C
1075246,EST,ST,T,C7BV,1,13500,C
1075347,EST,ST,T,C4HM,3,29000,C
1065954,EST,ST,T,C4IV,3,40500,C
1080599,EST,ST,T,4AVP,1.8,24000,R
1080700,EST,ST,T,C4JM,1,18000,C
1080801,EST,ST,T,4AV,1.8,21000,R
1086255,EST,ST,T,C4LV,2,27000,C
1086659,EST,ST,T,C4FV,0.8,13500,C
1086760,EST,ST,T,11,8,54000,R
1087063,EST,ST,T,131,1,13500,R
1081609,EST,ST,T,131,1,13500,R
1081912,EST,ST,T,8A,1.5,19425,R
1082417,EST,ST,T,8,2,23225,R
1082518,EST,ST,T,FW2,0.8,9257,C
1082720,EST,ST,T,5B,1,3882,R
1082821,EST,ST,T,C4CM,1,4500,C
1082922,EST,ST,T,C7BV,1,13500,C
1079690,EST,ST,T,C4HM,3,29000,C
1079892,EST,ST,T,C4IV,3,40500,C
1080397,EST,ST,T,4AVP,1.8,24000,R
1081003,EST,ST,T,8A,1.5,19425,R
1081104,EST,ST,T,8,2,23225,R
1081306,EST,ST,T,FW2,0.8,9257,C
1079185,EST,ST,T,5B,1,3882,R
1076458,EST,ST,T,C4CM,1,4500,C
1085245,EST,ST,T,C7BV,1,13500,C
1085447,EST,ST,T,C4HM,3,29000,C
1085649,EST,ST,T,C4IV,3,40500,C
1093729,EST,ST,T,4AVP,1.8,24000,R
1096355,EST,ST,T,C4JM,1,18000,C
1094133,EST,ST,T,4AV,1.8,21000,R
1105849,EST,ST,T,C4LV,2,27000,C
1105950,EST,ST,T,C4FV,0.8,13500,C
826483,EST,ST,T,11,8,54000,R
1087669,EST,ST,T,131,1,13500,R
280780,EST,UD,T,9,6.3,48919,R
300374,EST,UD,T,6B,0.8,9257,R
300475,EST,UD,T,GEN,3,17631,R
301384,EST,UD,T,OTH,0.8,9257,O
302394,EST,UD,T,8B,0.3,2993,R
310979,EST,UD,T,6,12.5,96063,R
333502,EST,UD,T,10,16,124000,R
352692,EST,UD,T,7A,0.8,9653,R
353096,EST,UD,T,9,6.3,48919,R
353298,EST,UD,T,6B,0.8,9257,R
354712,EST,UD,T,6,12.5,96063,R
362186,EST,UD,T,10,16,124000,R
363499,EST,UD,T,7A,0.8,9653,R
378548,EST,UD,T,5,5,31505,R
378851,EST,UD,T,9,6.3,48919,R
378952,EST,UD,T,6B,0.8,9257,R
395920,EST,UD,T,GEN,3,17631,R
396122,EST,UD,T,OTH,0.8,9257,O
396324,EST,UD,T,6,12.5,96063,R
396829,EST,UD,T,10,16,124000,R
397637,EST,UD,T,7A,0.8,9653,R
398344,EST,UD,T,5,5,31505,R
398546,EST,UD,T,9,6.3,48919,R
398748,EST,UD,T,6B,0.8,9257,R
413090,EST,UD,T,GEN,3,17631,R
417837,EST,UD,T,OTH,0.8,9257,O
418443,EST,UD,T,8B,0.3,2993,R
419049,EST,UD,V,VHR,0.5,5855,O
419865,EST,UD,B,STL,5,31505,R
420160,EST,UD,T,7A,0.8,9653,R
420564,EST,UD,T,5,5,31505,R
421978,EST,UD,T,9,6.3,48919,R
424099,EST,UD,T,6,12.5,96063,R
425614,EST,UD,T,10,16,124000,R
430260,EST,UD,T,7A,0.8,9653,R
432482,EST,UD,T,5,5,31505,R
439047,EST,UD,T,6,12.5,96063,R
439956,EST,UD,T,7A,0.8,9653,R
444703,EST,UD,T,5,5,31505,R
445208,EST,UD,T,9,6.3,48919,R
445713,EST,UD,T,6B,0.8,9257,R
447935,EST,UD,T,GEN,3,17631,R
448238,EST,UD,T,OTH,0.8,9257,O
449955,EST,UD,T,8B,0.3,2993,R
451167,EST,UD,V,VHR,0.5,5855,O
452177,EST,UD,B,STL,5,31505,R
453490,EST,UD,T,6,12.5,96063,R
453591,EST,UD,T,10,16,124000,R
454601,EST,UD,T,7A,0.8,9653,R
454702,EST,UD,T,5,5,31505,R
454904,EST,UD,T,9,6.3,48919,R
455813,EST,UD,T,6B,0.8,9257,R
456015,EST,UD,T,GEN,3,17631,R
457732,EST,UD,T,OTH,0.8,9257,O
458136,EST,UD,T,6,12.5,96063,R
458237,EST,UD,T,10,16,124000,R
459449,EST,UD,T,7A,0.8,9653,R
459550,EST,UD,T,5,5,31505,R
464499,EST,UD,T,9,6.3,48919,R
467125,EST,UD,T,6B,0.8,9257,R
467327,EST,UD,T,GEN,3,17631,R
467832,EST,UD,T,6,12.5,96063,R
468034,EST,UD,T,10,16,124000,R
468236,EST,UD,T,7A,0.8,9653,R
468842,EST,UD,T,5,5,31505,R
469044,EST,UD,T,9,6.3,48919,R
469145,EST,UD,T,6B,0.8,9257,R
469448,EST,UD,T,GEN,3,17631,R
469549,EST,UD,T,OTH,0.8,9257,O
469751,EST,UD,T,8B,0.3,2993,R
471771,EST,UD,V,VHR,0.5,5855,O
472175,EST,UD,B,STL,5,31505,R
472478,EST,UD,T,7A,0.8,9653,R
472579,EST,UD,T,5,5,31505,R
473286,EST,UD,T,9,6.3,48919,R
474296,EST,UD,T,6B,0.8,9257,R
474599,EST,UD,T,GEN,3,17631,R
474902,EST,UD,T,OTH,0.8,9257,O
475104,EST,UD,T,8B,0.3,2993,R
475407,EST,UD,V,VHR,0.5,5855,O
480053,EST,UD,B,STL,5,31505,R
480154,EST,UD,T,6,12.5,96063,R
480255,EST,UD,T,10,16,124000,R
480356,EST,UD,T,7A,0.8,9653,R
480457,EST,UD,T,5,5,31505,R
480861,EST,UD,T,9,6.3,48919,R
480962,EST,UD,T,6B,0.8,9257,R
481164,EST,UD,T,GEN,3,17631,R
481568,EST,UD,T,OTH,0.8,9257,O
481770,EST,UD,T,8B,0.3,2993,R
484194,EST,UD,V,VHR,0.5,5855,O
484598,EST,UD,B,STL,5,31505,R
485305,EST,UD,T,5,5,31505,R
485406,EST,UD,T,9,6.3,48919,R
486820,EST,UD,T,6B,0.8,9257,R
489749,EST,UD,T,GEN,3,17631,R
489951,EST,UD,T,OTH,0.8,9257,O
490153,EST,UD,T,6,12.5,96063,R
490456,EST,UD,T,10,16,124000,R
491365,EST,UD,T,7A,0.8,9653,R
491567,EST,UD,T,5,5,31505,R
492375,EST,UD,T,9,6.3,48919,R
492678,EST,UD,T,6B,0.8,9257,R
492880,EST,UD,T,GEN,3,17631,R
497223,EST,UD,T,6,12.5,96063,R
499445,EST,UD,T,10,16,124000,R
500556,EST,UD,T,7A,0.8,9653,R
500758,EST,UD,T,5,5,31505,R
500960,EST,UD,T,9,6.3,48919,R
504293,EST,UD,T,6B,0.8,9257,R
504899,EST,UD,T,GEN,3,17631,R
506616,EST,UD,T,5,5,31505,R
507828,EST,UD,T,9,6.3,48919,R
507929,EST,UD,T,6B,0.8,9257,R
510252,EST,UD,T,GEN,3,17631,R
511363,EST,UD,T,OTH,0.8,9257,O
511464,EST,UD,T,6,12.5,96063,R
511565,EST,UD,T,10,16,124000,R
511969,EST,UD,T,7A,0.8,9653,R
512171,EST,UD,T,5,5,31505,R
512373,EST,UD,T,6B,0.8,9257,R
512474,EST,UD,T,GEN,3,17631,R
513888,EST,UD,T,6,12.5,96063,R
515302,EST,UD,T,10,16,124000,R
515403,EST,UD,T,7A,0.8,9653,R
520655,EST,UD,T,5,5,31505,R
520756,EST,UD,T,9,6.3,48919,R
521059,EST,UD,T,6B,0.8,9257,R
521160,EST,UD,T,GEN,3,17631,R
521867,EST,UD,T,OTH,0.8,9257,O
524493,EST,UD,T,8B,0.3,2993,R
524695,EST,UD,T,5,5,31505,R
524796,EST,UD,T,9,6.3,48919,R
525099,EST,UD,T,6B,0.8,9257,R
525200,EST,UD,T,GEN,3,17631,R
525301,EST,UD,T,OTH,0.8,9257,O
525402,EST,UD,T,6,12.5,96063,R
525503,EST,UD,T,10,16,124000,R
525604,EST,UD,T,7A,0.8,9653,R
525705,EST,UD,T,5,5,31505,R
526816,EST,UD,T,9,6.3,48919,R
527321,EST,UD,T,6B,0.8,9257,R
527523,EST,UD,T,GEN,3,17631,R
527826,EST,UD,T,6,12.5,96063,R
527927,EST,UD,T,10,16,124000,R
530351,EST,UD,T,5,5,31505,R
530553,EST,UD,T,9,6.3,48919,R
530856,EST,UD,T,6B,0.8,9257,R
530957,EST,UD,T,GEN,3,17631,R
531058,EST,UD,T,OTH,0.8,9257,O
531462,EST,UD,T,8B,0.3,2993,R
531563,EST,UD,V,VHR,0.5,5855,O
532472,EST,UD,B,STL,5,31505,R
541764,EST,UD,T,5,5,31505,R
541865,EST,UD,T,9,6.3,48919,R
542168,EST,UD,T,6B,0.8,9257,R
542370,EST,UD,T,5,5,31505,R
542471,EST,UD,T,9,6.3,48919,R
542572,EST,UD,T,6B,0.8,9257,R
542875,EST,UD,T,GEN,3,17631,R
543380,EST,UD,T,OTH,0.8,9257,O
543481,EST,UD,T,6,12.5,96063,R
543683,EST,UD,T,10,16,124000,R
543784,EST,UD,T,7A,0.8,9653,R
543986,EST,UD,T,5,5,31505,R
544188,EST,UD,T,9,6.3,48919,R
544390,EST,UD,T,6B,0.8,9257,R
544693,EST,UD,T,GEN,3,17631,R
545198,EST,UD,T,6,12.5,96063,R
545400,EST,UD,T,10,16,124000,R
545602,EST,UD,T,7A,0.8,9653,R
545804,EST,UD,T,5,5,31505,R
546814,EST,UD,T,9,6.3,48919,R
547117,EST,UD,T,6B,0.8,9257,R
547218,EST,UD,T,GEN,3,17631,R
547420,EST,UD,T,OTH,0.8,9257,O
547521,EST,UD,T,8B,0.3,2993,R
547925,EST,UD,V,VHR,0.5,5855,O
548026,EST,UD,B,STL,5,31505,R
548127,EST,UD,T,7A,0.8,9653,R
548531,EST,UD,T,5,5,31505,R
549642,EST,UD,T,9,6.3,48919,R
550147,EST,UD,T,6B,0.8,9257,R
554995,EST,UD,T,GEN,3,17631,R
555096,EST,UD,T,OTH,0.8,9257,O
557419,EST,UD,V,VHR,0.5,5855,O
564792,EST,UD,B,STL,5,31505,R
566004,EST,UD,T,6,12.5,96063,R
568630,EST,UD,T,10,16,124000,R
568731,EST,UD,T,7A,0.8,9653,R
568832,EST,UD,T,5,5,31505,R
568933,EST,UD,T,9,6.3,48919,R
569236,EST,UD,T,6B,0.8,9257,R
569741,EST,UD,T,GEN,3,17631,R
569842,EST,UD,T,OTH,0.8,9257,O
570852,EST,UD,T,8B,0.3,2993,R
570953,EST,UD,V,VHR,0.5,5855,O
574488,EST,UD,B,STL,5,31505,R
574791,EST,UD,T,6,12.5,96063,R
574892,EST,UD,T,10,16,124000,R
574993,EST,UD,T,5,5,31505,R
575195,EST,UD,T,9,6.3,48919,R
575498,EST,UD,T,6B,0.8,9257,R
575599,EST,UD,T,GEN,3,17631,R
576104,EST,UD,T,OTH,0.8,9257,O
576205,EST,UD,T,6,12.5,96063,R
576710,EST,UD,T,10,16,124000,R
1014747,EST,UD,T,7A,0.8,9653,R
1016464,EST,UD,T,5,5,31505,R
1016666,EST,UD,T,9,6.3,48919,R
1017171,EST,UD,T,6B,0.8,9257,R
1018181,EST,UD,T,GEN,3,17631,R
1018888,EST,UD,T,6,12.5,96063,R
1019191,EST,UD,T,10,16,124000,R
1019292,EST,UD,T,7A,0.8,9653,R
6062121,EST,UD,T,5,5,31505,R
6062626,EST,UD,T,9,6.3,48919,R
6063030,EST,UD,T,6B,0.8,9257,R
6063131,EST,UD,T,GEN,3,17631,R
6063232,EST,UD,T,OTH,0.8,9257,O
1087972,EST,UD,T,8B,0.3,2993,R
1091810,EST,UD,V,VHR,0.5,5855,O
1094537,EST,UD,B,STL,5,31505,R
1094032,EST,UD,T,7A,0.8,9653,R
1094234,EST,UD,T,5,5,31505,R
1094739,EST,UD,T,9,6.3,48919,R
1094436,EST,UD,T,6B,0.8,9257,R
1094335,EST,UD,T,GEN,3,17631,R
1071913,EST,UD,T,OTH,0.8,9257,O
1072014,EST,UD,T,8B,0.3,2993,R
1072519,EST,UD,T,5,5,31505,R
709222,EST,UD,T,9,6.3,48919,R
709323,EST,UD,T,6B,0.8,9257,R
709424,EST,UD,T,GEN,3,17631,R
709525,EST,UD,T,OTH,0.8,9257,O
709626,EST,UD,T,6,12.5,96063,R
709727,EST,UD,T,10,16,124000,R
822342,EST,UD,T,7A,0.8,9653,R
822544,EST,UD,T,5,5,31505,R
822948,EST,UD,T,9,6.3,48919,R
1074034,EST,UD,T,6B,0.8,9257,R
419655,EST,UD,T,GEN,3,17631,R
519645,EST,MD,T,6,12.5,96063,R
819615,EST,HO,T,10,16,124000,R
277851,EST,UD,T,7A,0.8,9653,R
278154,EST,UD,T,5,5,31505,R
278457,EST,UD,T,9,6.3,48919,R
278962,EST,UD,T,6B,0.8,9257,R
279164,EST,UD,T,GEN,3,17631,R
279568,EST,UD,T,OTH,0.8,9257,O
280982,EST,UD,T,8B,0.3,2993,R
293708,EST,UD,V,VHR,0.5,5855,O
299768,EST,UD,B,STL,5,31505,R
299869,EST,UD,T,7A,0.8,9653,R
301283,EST,UD,T,5,5,31505,R
301586,EST,UD,T,9,6.3,48919,R
301788,EST,UD,T,6B,0.8,9257,R
302495,EST,UD,T,GEN,3,17631,R
305222,EST,UD,T,OTH,0.8,9257,O
309969,EST,UD,T,8B,0.3,2993,R
320170,EST,UD,V,VHR,0.5,5855,O
320473,EST,UD,B,STL,5,31505,R
321988,EST,UD,T,6,12.5,96063,R
327745,EST,UD,T,10,16,124000,R
333906,EST,UD,T,7A,0.8,9653,R
335118,EST,UD,T,5,5,31505,R
342794,EST,UD,T,9,6.3,48919,R
343804,EST,UD,T,6B,0.8,9257,R
345521,EST,UD,T,5,5,31505,R
346632,EST,UD,T,9,6.3,48919,R
348248,EST,UD,T,6B,0.8,9257,R
353904,EST,UD,T,GEN,3,17631,R
354813,EST,UD,T,OTH,0.8,9257,O
355217,EST,UD,T,6,12.5,96063,R
362994,EST,UD,T,10,16,124000,R
364913,EST,UD,T,7A,0.8,9653,R
365317,EST,UD,T,5,5,31505,R
366630,EST,UD,T,9,6.3,48919,R
367842,EST,UD,T,6B,0.8,9257,R
368448,EST,UD,T,GEN,3,17631,R
369660,EST,UD,T,6,12.5,96063,R
369862,EST,UD,T,10,16,124000,R
373498,EST,UD,T,7A,0.8,9653,R
374508,EST,UD,T,5,5,31505,R
377841,EST,UD,T,9,6.3,48919,R
378043,EST,UD,T,6B,0.8,9257,R
379053,EST,UD,T,GEN,3,17631,R
396223,EST,UD,T,OTH,0.8,9257,O
397738,EST,UD,T,8B,0.3,2993,R
398849,EST,UD,V,VHR,0.5,5855,O
400061,EST,UD,B,STL,5,31505,R
405818,EST,UD,T,7A,0.8,9653,R
406121,EST,UD,T,5,5,31505,R
410464,EST,UD,T,9,6.3,48919,R
410565,EST,UD,T,6B,0.8,9257,R
410666,EST,UD,T,GEN,3,17631,R
412484,EST,UD,T,OTH,0.8,9257,O
417736,EST,UD,T,8B,0.3,2993,R
419453,EST,UD,V,VHR,0.5,5855,O
419857,EST,UD,B,STL,5,31505,R
420766,EST,UD,T,6,12.5,96063,R
424503,EST,UD,T,10,16,124000,R
425008,EST,UD,T,7A,0.8,9653,R
425715,EST,UD,T,5,5,31505,R
426018,EST,UD,T,9,6.3,48919,R
426523,EST,UD,T,6B,0.8,9257,R
428341,EST,UD,T,5,5,31505,R
429250,EST,UD,T,9,6.3,48919,R
429856,EST,UD,T,6B,0.8,9257,R
430058,EST,UD,T,GEN,3,17631,R
436118,EST,UD,T,OTH,0.8,9257,O
436421,EST,UD,T,6,12.5,96063,R
437128,EST,UD,T,10,16,124000,R
437229,EST,UD,T,7A,0.8,9653,R
439855,EST,UD,T,5,5,31505,R
440057,EST,UD,T,9,6.3,48919,R
443188,EST,UD,T,6B,0.8,9257,R
443592,EST,UD,T,GEN,3,17631,R
443895,EST,UD,T,6,12.5,96063,R
445511,EST,UD,T,10,16,124000,R
445612,EST,UD,T,7A,0.8,9653,R
445814,EST,UD,T,5,5,31505,R
446521,EST,UD,T,9,6.3,48919,R
448036,EST,UD,T,6B,0.8,9257,R
451066,EST,UD,T,GEN,3,17631,R
451268,EST,UD,T,OTH,0.8,9257,O
451369,EST,UD,T,8B,0.3,2993,R
452379,EST,UD,V,VHR,0.5,5855,O
452581,EST,UD,B,STL,5,31505,R
452884,EST,UD,T,7A,0.8,9653,R
453187,EST,UD,T,GEN,3,17631,R
454500,EST,UD,T,OTH,0.8,9257,O
454803,EST,UD,T,8B,0.3,2993,R
455005,EST,UD,V,VHR,0.5,5855,O
456419,EST,UD,B,STL,5,31505,R
460156,EST,UD,T,7A,0.8,9653,R
467630,EST,UD,T,5,5,31505,R
467933,EST,UD,T,9,6.3,48919,R
468135,EST,UD,T,6B,0.8,9257,R
468337,EST,UD,T,GEN,3,17631,R
468539,EST,UD,T,OTH,0.8,9257,O
469246,EST,UD,T,8B,0.3,2993,R
470458,EST,UD,V,VHR,0.5,5855,O
470862,EST,UD,B,STL,5,31505,R
471165,EST,UD,T,6,12.5,96063,R
471872,EST,UD,T,10,16,124000,R
471973,EST,UD,T,7A,0.8,9653,R
472781,EST,UD,T,GEN,3,17631,R
472983,EST,UD,T,OTH,0.8,9257,O
473185,EST,UD,T,8B,0.3,2993,R
473488,EST,UD,V,VHR,0.5,5855,O
473791,EST,UD,B,STL,5,31505,R
473993,EST,UD,T,7A,0.8,9653,R
474397,EST,UD,T,5,5,31505,R
474498,EST,UD,T,9,6.3,48919,R
481265,EST,UD,T,6B,0.8,9257,R
481669,EST,UD,T,GEN,3,17631,R
484295,EST,UD,T,OTH,0.8,9257,O
484497,EST,UD,T,8B,0.3,2993,R
485709,EST,UD,V,VHR,0.5,5855,O
489850,EST,UD,B,STL,5,31505,R
490052,EST,UD,T,6,12.5,96063,R
490557,EST,UD,T,10,16,124000,R
490759,EST,UD,T,GEN,3,17631,R
490860,EST,UD,T,OTH,0.8,9257,O
492072,EST,UD,T,8B,0.3,2993,R
493082,EST,UD,V,VHR,0.5,5855,O
494597,EST,UD,B,STL,5,31505,R
496516,EST,UD,T,7A,0.8,9653,R
497425,EST,UD,T,5,5,31505,R
498031,EST,UD,T,9,6.3,48919,R
498637,EST,UD,T,6B,0.8,9257,R
498940,EST,UD,T,GEN,3,17631,R
499344,EST,UD,T,OTH,0.8,9257,O
501162,EST,UD,T,8B,0.3,2993,R
501566,EST,UD,V,VHR,0.5,5855,O
507323,EST,UD,B,STL,5,31505,R
512070,EST,UD,T,6,12.5,96063,R
515201,EST,UD,T,10,16,124000,R
519948,EST,UD,T,7A,0.8,9653,R
520150,EST,UD,T,5,5,31505,R
520352,EST,UD,T,9,6.3,48919,R
520453,EST,UD,T,6B,0.8,9257,R
520857,EST,UD,T,5,5,31505,R
520958,EST,UD,T,9,6.3,48919,R
521261,EST,UD,T,6B,0.8,9257,R
521463,EST,UD,T,GEN,3,17631,R
521766,EST,UD,T,6,12.5,96063,R
522170,EST,UD,T,10,16,124000,R
524998,EST,UD,T,7A,0.8,9653,R
526715,EST,UD,T,5,5,31505,R
528331,EST,UD,T,9,6.3,48919,R
528432,EST,UD,T,6B,0.8,9257,R
528735,EST,UD,T,GEN,3,17631,R
530452,EST,UD,T,OTH,0.8,9257,O
531361,EST,UD,T,8B,0.3,2993,R
531866,EST,UD,V,VHR,0.5,5855,O
532068,EST,UD,B,STL,5,31505,R
532371,EST,UD,T,7A,0.8,9653,R
532775,EST,UD,T,GEN,3,17631,R
541986,EST,UD,T,OTH,0.8,9257,O
542067,EST,UD,T,8B,0.3,2993,R
542269,EST,UD,V,VHR,0.5,5855,O
542673,EST,UD,B,STL,5,31505,R
542774,EST,UD,T,7A,0.8,9653,R
542976,EST,UD,T,5,5,31505,R
543077,EST,UD,T,9,6.3,48919,R
543178,EST,UD,T,6B,0.8,9257,R
543279,EST,UD,T,GEN,3,17631,R
543885,EST,UD,T,OTH,0.8,9257,O
544087,EST,UD,T,5,5,31505,R
544289,EST,UD,T,9,6.3,48919,R
544491,EST,UD,T,6B,0.8,9257,R
544794,EST,UD,T,GEN,3,17631,R
544996,EST,UD,T,OTH,0.8,9257,O
545097,EST,UD,T,5,5,31505,R
545501,EST,UD,T,9,6.3,48919,R
545703,EST,UD,T,6B,0.8,9257,R
545905,EST,UD,T,GEN,3,17631,R
546006,EST,UD,T,6,12.5,96063,R
546208,EST,UD,T,10,16,124000,R
546410,EST,UD,T,7A,0.8,9653,R
546511,EST,UD,T,5,5,31505,R
546612,EST,UD,T,9,6.3,48919,R
546713,EST,UD,T,6B,0.8,9257,R
546915,EST,UD,T,GEN,3,17631,R
547016,EST,UD,T,OTH,0.8,9257,O
547622,EST,UD,T,8B,0.3,2993,R
548228,EST,UD,V,VHR,0.5,5855,O
548329,EST,UD,B,STL,5,31505,R
548430,EST,UD,T,7A,0.8,9653,R
548632,EST,UD,T,GEN,3,17631,R
549339,EST,UD,T,OTH,0.8,9257,O
549440,EST,UD,T,5,5,31505,R
549541,EST,UD,T,9,6.3,48919,R
549743,EST,UD,T,6B,0.8,9257,R
549844,EST,UD,T,GEN,3,17631,R
549945,EST,UD,T,6,12.5,96063,R
550046,EST,UD,T,10,16,124000,R
550248,EST,UD,T,7A,0.8,9653,R
550349,EST,UD,T,5,5,31505,R
550450,EST,UD,T,9,6.3,48919,R
550854,EST,UD,T,6B,0.8,9257,R
554894,EST,UD,T,GEN,3,17631,R
555298,EST,UD,T,OTH,0.8,9257,O
555399,EST,UD,T,8B,0.3,2993,R
555904,EST,UD,V,VHR,0.5,5855,O
556005,EST,UD,B,STL,5,31505,R
556308,EST,UD,T,7A,0.8,9653,R
557217,EST,UD,T,GEN,3,17631,R
557318,EST,UD,T,OTH,0.8,9257,O
557520,EST,UD,T,8B,0.3,2993,R
557621,EST,UD,V,VHR,0.5,5855,O
557722,EST,UD,B,STL,5,31505,R
557823,EST,UD,T,7A,0.8,9653,R
557924,EST,UD,T,5,5,31505,R
558025,EST,UD,T,9,6.3,48919,R
558126,EST,UD,T,6B,0.8,9257,R
558227,EST,UD,T,GEN,3,17631,R
558328,EST,UD,T,OTH,0.8,9257,O
558429,EST,UD,T,8B,0.3,2993,R
558530,EST,UD,V,VHR,0.5,5855,O
558631,EST,UD,B,STL,5,31505,R
558732,EST,UD,T,5,5,31505,R
559136,EST,UD,T,9,6.3,48919,R
562166,EST,UD,T,6B,0.8,9257,R
562267,EST,UD,T,GEN,3,17631,R
563782,EST,UD,T,6,12.5,96063,R
563883,EST,UD,T,10,16,124000,R
564590,EST,UD,T,7A,0.8,9653,R
564691,EST,UD,T,5,5,31505,R
564893,EST,UD,T,9,6.3,48919,R
564994,EST,UD,T,6B,0.8,9257,R
565095,EST,UD,T,GEN,3,17631,R
565196,EST,UD,T,OTH,0.8,9257,O
565297,EST,UD,T,8B,0.3,2993,R
565398,EST,UD,V,VHR,0.5,5855,O
565499,EST,UD,B,STL,5,31505,R
565600,EST,UD,T,7A,0.8,9653,R
565701,EST,UD,T,GEN,3,17631,R
565802,EST,UD,T,OTH,0.8,9257,O
565903,EST,UD,T,8B,0.3,2993,R
566206,EST,UD,T,5,5,31505,R
567923,EST,UD,T,9,6.3,48919,R
568024,EST,UD,T,6B,0.8,9257,R
569337,EST,UD,T,GEN,3,17631,R
569438,EST,UD,T,6,12.5,96063,R
569943,EST,UD,T,10,16,124000,R
570650,EST,UD,T,7A,0.8,9653,R
570751,EST,UD,T,5,5,31505,R
571155,EST,UD,T,9,6.3,48919,R
571660,EST,UD,T,6B,0.8,9257,R
571761,EST,UD,T,GEN,3,17631,R
574589,EST,UD,T,OTH,0.8,9257,O
574690,EST,UD,T,8B,0.3,2993,R
575094,EST,UD,V,VHR,0.5,5855,O
575296,EST,UD,B,STL,5,31505,R
575397,EST,UD,T,7A,0.8,9653,R
575700,EST,UD,T,GEN,3,17631,R
575801,EST,UD,T,OTH,0.8,9257,O
575902,EST,UD,T,8B,0.3,2993,R
576003,EST,UD,V,VHR,0.5,5855,O
576306,EST,UD,B,STL,5,31505,R
576407,EST,UD,T,7A,0.8,9653,R
576508,EST,UD,T,5,5,31505,R
576609,EST,UD,T,9,6.3,48919,R
576811,EST,UD,T,6B,0.8,9257,R
576912,EST,UD,T,GEN,3,17631,R
577114,EST,UD,T,OTH,0.8,9257,O
606000,EST,UD,T,5,5,31505,R
606101,EST,UD,T,9,6.3,48919,R
606202,EST,UD,T,6B,0.8,9257,R
606303,EST,UD,T,GEN,3,17631,R
606404,EST,UD,T,6,12.5,96063,R
608929,EST,UD,T,10,16,124000,R
1011010,EST,UD,T,7A,0.8,9653,R
1012525,EST,UD,T,5,5,31505,R
1012929,EST,UD,T,9,6.3,48919,R
1014848,EST,UD,T,5,5,31505,R
1014949,EST,UD,T,9,6.3,48919,R
1015656,EST,UD,T,6B,0.8,9257,R
1016161,EST,UD,T,GEN,3,17631,R
1016767,EST,UD,T,6,12.5,96063,R
1018282,EST,UD,T,10,16,124000,R
1018686,EST,UD,T,7A,0.8,9653,R
1018787,EST,UD,T,5,5,31505,R
1018989,EST,UD,T,9,6.3,48919,R
1019090,EST,UD,T,6B,0.8,9257,R
1019805,EST,UD,T,GEN,3,17631,R
1019696,EST,UD,T,OTH,0.8,9257,O
1019898,EST,UD,T,8B,0.3,2993,R
1019999,EST,UD,V,VHR,0.5,5855,O
1020201,EST,UD,B,STL,5,31505,R
1020504,EST,UD,T,7A,0.8,9653,R
1021716,EST,UD,T,GEN,3,17631,R
1021817,EST,UD,T,OTH,0.8,9257,O
1021918,EST,UD,T,5,5,31505,R
1022019,EST,UD,T,9,6.3,48919,R
1022827,EST,UD,T,6B,0.8,9257,R
1022928,EST,UD,T,GEN,3,17631,R
1023332,EST,UD,T,6,12.5,96063,R
1023837,EST,UD,T,10,16,124000,R
1024241,EST,UD,T,7A,0.8,9653,R
1024342,EST,UD,T,5,5,31505,R
1028281,EST,UD,T,9,6.3,48919,R
1028786,EST,UD,T,6B,0.8,9257,R
2020101,EST,UD,T,GEN,3,17631,R
2020202,EST,UD,T,OTH,0.8,9257,O
2020303,EST,UD,T,8B,0.3,2993,R
6060000,EST,UD,V,VHR,0.5,5855,O
6060101,EST,UD,B,STL,5,31505,R
6060202,EST,UD,T,7A,0.8,9653,R
6060303,EST,UD,T,GEN,3,17631,R
6060404,EST,UD,T,OTH,0.8,9257,O
6060505,EST,UD,T,8B,0.3,2993,R
6060606,EST,UD,V,VHR,0.5,5855,O
6060707,EST,UD,T,5,5,31505,R
6060808,EST,UD,T,9,6.3,48919,R
6060909,EST,UD,T,6B,0.8,9257,R
6061010,EST,UD,T,GEN,3,17631,R
6061111,EST,UD,T,6,12.5,96063,R
6061212,EST,UD,T,10,16,124000,R
6061313,EST,UD,T,7A,0.8,9653,R
6061616,EST,UD,T,5,5,31505,R
6061717,EST,UD,T,9,6.3,48919,R
6061818,EST,UD,T,6B,0.8,9257,R
6061919,EST,UD,T,GEN,3,17631,R
6062020,EST,UD,T,OTH,0.8,9257,O
6062222,EST,UD,T,8B,0.3,2993,R
6062323,EST,UD,V,VHR,0.5,5855,O
6062424,EST,UD,B,STL,5,31505,R
6062525,EST,UD,T,7A,0.8,9653,R
6062727,EST,UD,T,GEN,3,17631,R
6062828,EST,UD,T,OTH,0.8,9257,O
6062929,EST,UD,T,8B,0.3,2993,R
6063333,EST,UD,V,VHR,0.5,5855,O
6063434,EST,UD,B,STL,5,31505,R
6063535,EST,UD,T,7A,0.8,9653,R
6063636,EST,UD,T,5,5,31505,R
6063737,EST,UD,T,9,6.3,48919,R
6063838,EST,UD,T,6B,0.8,9257,R
6063939,EST,UD,T,GEN,3,17631,R
6064040,EST,UD,T,OTH,0.8,9257,O
6064141,EST,UD,T,5,5,31505,R
6064242,EST,UD,T,9,6.3,48919,R
6064848,EST,UD,T,6B,0.8,9257,R
